{"stats":{"minecraft:killed":{"hmag:zombie_girl":1,"minecraft:spider":1},"minecraft:custom":{"minecraft:time_since_rest":306,"minecraft:sprint_one_cm":70775,"minecraft:damage_taken":1740,"minecraft:walk_one_cm":61319,"minecraft:mob_kills":3,"minecraft:damage_dealt":730,"minecraft:interact_with_crafting_table":5,"minecraft:fly_one_cm":52517,"minecraft:crouch_one_cm":2338,"minecraft:play_time":40084,"minecraft:deaths":7,"minecraft:sneak_time":854,"minecraft:walk_under_water_one_cm":2564,"minecraft:jump":293,"minecraft:leave_game":3,"minecraft:time_since_death":222,"minecraft:walk_on_water_one_cm":369,"minecraft:total_world_time":40084,"minecraft:fall_one_cm":5778},"minecraft:crafted":{"minecraft:wooden_sword":1,"minecraft:oak_planks":24,"minecraft:crafting_table":2,"decorative_blocks:oak_palisade":18,"minecraft:stick":12,"minecraft:wooden_pickaxe":1,"minecraft:stone_pickaxe":1,"minecraft:wooden_axe":1,"minecraft:torch":8},"minecraft:killed_by":{"born_in_chaos_v1:zombieswith_door":1,"born_in_chaos_v1:decaying_zombie":2,"born_in_chaos_v1:bonescaller":1,"minecraft:skeleton":1,"minecraft:spider":1},"minecraft:mined":{"minecraft:iron_ore":26,"minecraft:oak_fence":2,"gravestone:gravestone":4,"minecraft:grass":1,"minecraft:coal_ore":8,"minecraft:grass_block":1,"minecraft:oak_log":30,"minecraft:rail":2,"minecraft:gravel":4,"minecraft:cobblestone":3,"minecraft:stone":26,"minecraft:oak_leaves":6},"minecraft:picked_up":{"minecraft:raw_iron":26,"minecraft:chest_minecart":1,"minecraft:oak_fence":2,"minecraft:gravel":4,"greekfantasy:bronze_cuirass":1,"minecraft:oak_log":29,"diamethysts:diamethyst_shard":1,"minecraft:string":1,"minecraft:dirt":1,"minecraft:rotten_flesh":1,"hmag:randomberry":3,"minecraft:bread":3,"minecraft:gold_ingot":2,"minecraft:glow_berries":5,"minecraft:coal":16,"minecraft:rail":21,"minecraft:cobblestone":29},"minecraft:used":{"minecraft:oak_log":2,"minecraft:wooden_axe":33,"minecraft:stone_pickaxe":47,"minecraft:wooden_pickaxe":19,"minecraft:gravel":1,"minecraft:torch":3,"minecraft:wooden_sword":5,"minecraft:dirt":1,"minecraft:cobblestone":8,"minecraft:crafting_table":2,"decorative_blocks:oak_palisade":9,"alexsmobs:animal_dictionary":2}},"DataVersion":3120}