{"stats":{"minecraft:killed":{"minecraft:spider":1},"minecraft:killed_by":{"minecraft:skeleton":1,"minecraft:spider":1},"minecraft:crafted":{"minecraft:wooden_sword":1,"minecraft:oak_planks":32,"minecraft:crafting_table":2,"minecraft:stick":16,"minecraft:wooden_pickaxe":1,"minecraft:stone_pickaxe":1,"minecraft:wooden_axe":2,"minecraft:torch":8},"minecraft:used":{"minecraft:oak_log":2,"minecraft:wooden_axe":53,"minecraft:stone_pickaxe":47,"minecraft:wooden_pickaxe":19,"minecraft:gravel":1,"minecraft:torch":3,"minecraft:wooden_sword":5,"minecraft:dirt":1,"minecraft:cobblestone":8,"minecraft:crafting_table":2,"alexsmobs:animal_dictionary":2},"minecraft:picked_up":{"minecraft:stick":2,"minecraft:raw_iron":26,"minecraft:chest_minecart":1,"minecraft:oak_fence":2,"minecraft:gravel":4,"minecraft:oak_log":48,"minecraft:string":1,"minecraft:dirt":1,"minecraft:rotten_flesh":1,"minecraft:bread":3,"minecraft:gold_ingot":2,"minecraft:oak_sapling":2,"minecraft:glow_berries":5,"minecraft:coal":16,"minecraft:rail":21,"minecraft:cobblestone":29},"minecraft:custom":{"minecraft:time_since_rest":5222,"minecraft:sprint_one_cm":72325,"minecraft:damage_taken":1740,"minecraft:walk_one_cm":64965,"minecraft:mob_kills":3,"minecraft:damage_dealt":730,"minecraft:interact_with_crafting_table":6,"minecraft:fly_one_cm":52545,"minecraft:play_time":45000,"minecraft:crouch_one_cm":2338,"minecraft:deaths":7,"minecraft:sneak_time":854,"minecraft:walk_under_water_one_cm":2564,"minecraft:jump":295,"minecraft:leave_game":4,"minecraft:time_since_death":5138,"minecraft:walk_on_water_one_cm":369,"minecraft:total_world_time":45000,"minecraft:fall_one_cm":5778},"minecraft:mined":{"minecraft:iron_ore":26,"minecraft:oak_fence":2,"gravestone:gravestone":4,"minecraft:grass":1,"minecraft:oak_log":49,"minecraft:grass_block":1,"minecraft:coal_ore":8,"minecraft:rail":2,"minecraft:gravel":4,"minecraft:cobblestone":3,"minecraft:stone":26,"minecraft:oak_leaves":6}},"DataVersion":3120}