{"stats":{"minecraft:custom":{"minecraft:time_since_rest":4003,"minecraft:deaths":5,"minecraft:crouch_one_cm":581,"minecraft:sprint_one_cm":33386,"minecraft:play_time":28136,"minecraft:damage_taken":1290,"minecraft:walk_one_cm":19502,"minecraft:sneak_time":95,"minecraft:walk_under_water_one_cm":2564,"minecraft:jump":144,"minecraft:damage_dealt":30,"minecraft:walk_on_water_one_cm":369,"minecraft:time_since_death":683,"minecraft:leave_game":2,"minecraft:total_world_time":28136,"minecraft:interact_with_crafting_table":2,"minecraft:fall_one_cm":1869,"minecraft:fly_one_cm":29379},"minecraft:crafted":{"minecraft:wooden_sword":1,"minecraft:oak_planks":8,"minecraft:crafting_table":1,"decorative_blocks:oak_palisade":18,"minecraft:stick":4},"minecraft:killed_by":{"born_in_chaos_v1:zombieswith_door":1,"born_in_chaos_v1:decaying_zombie":2,"minecraft:spider":1},"minecraft:mined":{"minecraft:grass":1,"minecraft:oak_log":13,"minecraft:oak_leaves":4,"gravestone:gravestone":3},"minecraft:picked_up":{"minecraft:oak_log":13},"minecraft:used":{"minecraft:oak_log":2,"minecraft:wooden_sword":5,"decorative_blocks:oak_palisade":9,"minecraft:crafting_table":1,"alexsmobs:animal_dictionary":2}},"DataVersion":3120}