{"stats":{"minecraft:custom":{"minecraft:jump":45,"minecraft:time_since_rest":16136,"minecraft:leave_game":2,"minecraft:play_time":16136,"minecraft:sprint_one_cm":21380,"minecraft:time_since_death":16136,"minecraft:walk_one_cm":11373,"minecraft:total_world_time":16136,"minecraft:interact_with_crafting_table":2,"minecraft:fall_one_cm":418,"minecraft:fly_one_cm":11405},"minecraft:crafted":{"minecraft:wooden_sword":1,"minecraft:crafting_table":1,"minecraft:oak_planks":8,"decorative_blocks:oak_palisade":18,"minecraft:stick":4},"minecraft:mined":{"minecraft:oak_log":13,"minecraft:oak_leaves":3},"minecraft:picked_up":{"minecraft:oak_log":13},"minecraft:used":{"minecraft:oak_log":2,"alexsmobs:animal_dictionary":2,"minecraft:wooden_sword":5,"minecraft:crafting_table":1,"decorative_blocks:oak_palisade":9}},"DataVersion":3120}