{"stats":{"minecraft:killed":{"minecraft:spider":6,"minecraft:skeleton":1,"minecraft:pig":1,"minecraft:zombie":5,"minecraft:glow_squid":1,"minecraft:cow":8},"minecraft:used":{"minecraft:stone_sword":34,"minecraft:iron_shovel":26,"minecraft:poppy":2,"minecraft:chest":5,"minecraft:spruce_planks":4,"minecraft:iron_sword":24,"minecraft:torch":41,"minecraft:dirt":16,"minecraft:wooden_axe":103,"minecraft:cyan_terracotta":4,"minecraft:iron_axe":6,"minecraft:birch_sapling":2,"minecraft:oak_sapling":19,"minecraft:furnace":4,"tombstone:gift":1,"minecraft:cooked_beef":15,"minecraft:cobbled_deepslate":107,"minecraft:cooked_mutton":7,"minecraft:stone_pickaxe":196,"minecraft:orange_tulip":1,"minecraft:wooden_pickaxe":78,"minecraft:crafting_table":9,"minecraft:white_bed":1,"minecraft:smoker":1,"minecraft:oak_log":2,"minecraft:apple":8,"minecraft:iron_pickaxe":875,"minecraft:spruce_trapdoor":1,"minecraft:gravel":1,"minecraft:stone_axe":269,"minecraft:fishing_rod":9,"minecraft:wooden_sword":5,"minecraft:cobblestone":64,"minecraft:porkchop":1,"minecraft:birch_log":1,"minecraft:yellow_bed":4,"alexsmobs:animal_dictionary":2},"minecraft:killed_by":{"vampirism:advanced_vampire":1,"minecraft:spider":1,"minecraft:skeleton":1},"minecraft:dropped":{"minecraft:leather":6,"minecraft:milk_bucket":1,"minecraft:string":2,"minecraft:birch_sapling":1},"minecraft:picked_up":{"minecraft:fishing_rod":1,"minecraft:crafting_table":6,"minecraft:clay_ball":168,"minecraft:chest_minecart":1,"minecraft:oak_stairs":1,"minecraft:string":8,"minecraft:raw_copper":4,"minecraft:cobbled_deepslate":319,"minecraft:beef":17,"minecraft:white_tulip":2,"minecraft:rose_bush":1,"minecraft:poppy":5,"minecraft:chest":4,"minecraft:birch_sapling":28,"minecraft:spruce_trapdoor":1,"minecraft:furnace":6,"minecraft:dark_oak_sapling":14,"minecraft:stick":67,"minecraft:raw_iron":137,"minecraft:big_dripleaf":4,"minecraft:oak_fence":2,"minecraft:torch":13,"minecraft:spruce_stairs":1,"minecraft:porkchop":1,"tombstone:grave_dust":1,"minecraft:carrot":2,"minecraft:redstone":102,"minecraft:arrow":2,"minecraft:rotten_flesh":12,"minecraft:red_tulip":1,"minecraft:cyan_terracotta":4,"minecraft:gold_ingot":2,"minecraft:glow_berries":5,"minecraft:rail":21,"minecraft:cobblestone":485,"minecraft:birch_log":108,"minecraft:cooked_beef":11,"minecraft:glow_ink_sac":1,"minecraft:leather":10,"minecraft:smoker":1,"minecraft:potato":1,"minecraft:tuff":51,"minecraft:oak_log":321,"minecraft:yellow_bed":4,"mca:book_romance":1,"minecraft:dirt":22,"minecraft:cooked_mutton":8,"minecraft:bone":2,"minecraft:apple":14,"minecraft:orange_tulip":3,"minecraft:wheat_seeds":1,"minecraft:raw_gold":13,"guideapi_vp:vampirism-guidebook":1,"minecraft:iron_ingot":16,"minecraft:moss_block":2,"minecraft:book":1,"minecraft:gravel":4,"minecraft:stripped_spruce_log":2,"minecraft:spruce_sapling":4,"minecraft:white_bed":1,"minecraft:spruce_log":11,"minecraft:dark_oak_log":26,"minecraft:spider_eye":3,"tetra:geode":2,"minecraft:diamond":67,"minecraft:bread":3,"minecraft:oak_sapling":116,"minecraft:damaged_anvil":1,"minecraft:coal":126},"minecraft:broken":{"minecraft:wooden_pickaxe":1,"minecraft:stone_pickaxe":1,"minecraft:stone_axe":1,"minecraft:iron_pickaxe":3,"minecraft:wooden_axe":1},"minecraft:custom":{"minecraft:mob_kills":25,"minecraft:interact_with_crafting_table":39,"minecraft:damage_dealt_resisted":4,"minecraft:leave_game":9,"minecraft:time_since_death":3472,"minecraft:climb_one_cm":9583,"minecraft:sprint_one_cm":415382,"minecraft:walk_one_cm":417717,"minecraft:drop":9,"minecraft:play_time":213920,"minecraft:deaths":10,"minecraft:sneak_time":4359,"minecraft:walk_under_water_one_cm":11375,"minecraft:boat_one_cm":54215,"minecraft:jump":3299,"minecraft:walk_on_water_one_cm":12850,"minecraft:total_world_time":213920,"minecraft:interact_with_furnace":58,"minecraft:interact_with_cartography_table":1,"minecraft:sleep_in_bed":4,"minecraft:time_since_rest":2755,"minecraft:damage_taken":4227,"minecraft:damage_dealt":3919,"minecraft:swim_one_cm":5296,"minecraft:fly_one_cm":658378,"minecraft:open_chest":58,"minecraft:crouch_one_cm":11358,"tombstone:undead_killed":6,"minecraft:interact_with_smoker":2,"minecraft:fall_one_cm":78678},"minecraft:mined":{"minecraft:tuff":51,"minecraft:spruce_planks":1,"minecraft:white_bed":1,"minecraft:deepslate_diamond_ore":67,"tetra:block_geode":2,"farmersdelight:wild_carrots":3,"minecraft:dark_oak_log":26,"minecraft:spruce_trapdoor":1,"gravestone:gravestone":4,"minecraft:grass_block":5,"minecraft:moss_block":2,"minecraft:furnace":4,"minecraft:iron_ore":126,"minecraft:stripped_spruce_log":2,"minecraft:red_tulip":1,"minecraft:deepslate_iron_ore":12,"minecraft:rail":2,"minecraft:oak_stairs":1,"minecraft:white_tulip":2,"minecraft:stone":429,"minecraft:deepslate_redstone_ore":24,"minecraft:cyan_terracotta":4,"minecraft:smoker":2,"minecraft:oak_fence":2,"minecraft:clay":31,"minecraft:crafting_table":6,"minecraft:torch":2,"minecraft:poppy":5,"minecraft:chest":4,"minecraft:rose_bush":1,"minecraft:copper_ore":2,"minecraft:tall_grass":2,"minecraft:cobblestone":11,"minecraft:deepslate_coal_ore":5,"minecraft:deepslate_gold_ore":3,"minecraft:damaged_anvil":1,"minecraft:wall_torch":11,"minecraft:spruce_stairs":1,"minecraft:birch_log":68,"minecraft:spruce_log":11,"minecraft:orange_tulip":6,"minecraft:yellow_bed":4,"minecraft:grass":9,"minecraft:oak_log":203,"minecraft:coal_ore":64,"minecraft:gravel":4,"minecraft:dirt":9,"minecraft:gold_ore":10,"minecraft:oak_leaves":10,"minecraft:deepslate":319,"minecraft:infested_stone":2},"minecraft:crafted":{"minecraft:wooden_sword":1,"minecraft:oak_planks":68,"minecraft:fishing_rod":1,"minecraft:furnace":2,"minecraft:iron_boots":1,"minecraft:iron_axe":1,"minecraft:iron_hoe":1,"minecraft:stone_pickaxe":3,"minecraft:chest":2,"minecraft:cooked_beef":10,"sophisticatedbackpacks:backpack":1,"minecraft:crafting_table":3,"minecraft:spruce_planks":4,"minecraft:wooden_pickaxe":2,"minecraft:iron_helmet":1,"minecraft:iron_sword":1,"minecraft:bucket":1,"minecraft:stone_axe":2,"minecraft:air":0,"minecraft:iron_chestplate":1,"minecraft:shield":1,"minecraft:stick":32,"minecraft:iron_ingot":66,"minecraft:iron_pickaxe":3,"minecraft:wooden_axe":2,"minecraft:stone_sword":1,"minecraft:iron_shovel":1,"minecraft:iron_leggings":1,"minecraft:torch":36}},"DataVersion":3120}