{"stats":{"minecraft:custom":{"minecraft:jump":39,"minecraft:time_since_rest":5611,"minecraft:leave_game":2,"minecraft:play_time":5611,"minecraft:sprint_one_cm":19679,"minecraft:time_since_death":5611,"minecraft:walk_one_cm":7540,"minecraft:total_world_time":5611,"minecraft:fall_one_cm":418,"minecraft:fly_one_cm":10412},"minecraft:crafted":{"decorative_blocks:oak_palisade":18,"minecraft:oak_planks":4},"minecraft:mined":{"minecraft:oak_log":9,"minecraft:oak_leaves":1},"minecraft:picked_up":{"minecraft:oak_log":9},"minecraft:used":{"minecraft:oak_log":2,"alexsmobs:animal_dictionary":2,"decorative_blocks:oak_palisade":2}},"DataVersion":3120}