{"stats":{"minecraft:killed":{"vampirism:vampire":3,"mca:male_zombie_villager":1,"minecraft:spider":28,"minecraft:skeleton":4,"minecraft:horse":1,"minecraft:chicken":10,"minecraft:pig":18,"alexsmobs:grizzly_bear":1,"vampirism:hunter":1,"minecraft:sheep":8,"minecraft:pillager":2,"minecraft:zombie":16,"evilcraft:poisonous_libelle":1,"minecraft:glow_squid":1,"minecraft:cow":8},"minecraft:used":{"minecraft:stone_sword":34,"minecraft:iron_shovel":30,"minecraft:tropical_fish":1,"minecraft:poppy":2,"minecraft:chest":7,"minecraft:spruce_planks":4,"minecraft:shield":6,"minecraft:iron_sword":298,"minecraft:cooked_chicken":7,"minecraft:rotten_flesh":12,"minecraft:torch":57,"minecraft:dirt":16,"minecraft:carrot":30,"minecraft:milk_bucket":2,"minecraft:iron_hoe":68,"minecraft:wooden_axe":103,"minecraft:cyan_terracotta":8,"minecraft:iron_axe":68,"minecraft:birch_sapling":2,"minecraft:oak_sapling":19,"minecraft:furnace":8,"minecraft:egg":3,"tombstone:gift":7,"minecraft:cooked_beef":15,"minecraft:cobbled_deepslate":107,"minecraft:cooked_mutton":10,"minecraft:water_bucket":14,"minecraft:damaged_anvil":1,"minecraft:stone_pickaxe":196,"minecraft:orange_tulip":1,"minecraft:wooden_pickaxe":78,"minecraft:cobblestone_slab":66,"minecraft:salmon":1,"minecraft:crafting_table":10,"minecraft:white_bed":1,"minecraft:cod":2,"minecraft:smoker":1,"minecraft:oak_log":2,"minecraft:apple":8,"minecraft:chicken":1,"minecraft:iron_pickaxe":960,"minecraft:spruce_trapdoor":1,"minecraft:gravel":1,"minecraft:stone_axe":269,"minecraft:fishing_rod":24,"minecraft:wooden_sword":5,"minecraft:cobblestone":197,"minecraft:porkchop":27,"minecraft:bucket":15,"minecraft:birch_log":1,"minecraft:yellow_bed":4,"minecraft:oak_boat":6,"alexsmobs:animal_dictionary":2,"minecraft:bone_meal":12},"minecraft:killed_by":{"vampirism:advanced_vampire":1,"minecraft:player":1,"minecraft:creeper":1,"minecraft:spider":1,"minecraft:skeleton":1,"alexsmobs:grizzly_bear":2,"vampirism:vampire":1},"minecraft:dropped":{"minecraft:leather":6,"minecraft:red_mushroom":1,"minecraft:dirt":4,"minecraft:milk_bucket":1,"minecraft:string":2,"minecraft:redstone":64,"minecraft:birch_sapling":1,"minecraft:rotten_flesh":12,"vampirism:blood_bottle":1},"minecraft:picked_up":{"minecraft:fishing_rod":1,"minecraft:crafting_table":7,"minecraft:chicken":10,"minecraft:clay_ball":168,"minecraft:chest_minecart":1,"minecraft:oak_stairs":1,"minecraft:string":26,"minecraft:moss_carpet":3,"minecraft:raw_copper":4,"evilcraft:poison_sac":1,"minecraft:cobbled_deepslate":319,"minecraft:beef":17,"minecraft:white_tulip":6,"minecraft:oak_boat":6,"minecraft:rose_bush":2,"minecraft:cobblestone_slab":6,"minecraft:azalea":2,"minecraft:poppy":5,"minecraft:chest":4,"minecraft:birch_sapling":31,"minecraft:spruce_trapdoor":1,"minecraft:furnace":7,"minecraft:iron_boots":3,"minecraft:egg":4,"minecraft:dark_oak_sapling":14,"minecraft:stick":67,"minecraft:raw_iron":137,"minecraft:big_dripleaf":4,"minecraft:oak_fence":2,"minecraft:torch":27,"minecraft:spruce_stairs":1,"minecraft:porkchop":51,"tombstone:grave_dust":1,"vampirism:vampire_fang":2,"minecraft:carrot":22,"minecraft:redstone":166,"vampirism:blood_bottle":1,"minecraft:arrow":4,"minecraft:rotten_flesh":34,"minecraft:tropical_fish":1,"minecraft:peony":1,"minecraft:red_tulip":1,"minecraft:cyan_terracotta":8,"minecraft:gold_ingot":2,"minecraft:glow_berries":5,"minecraft:mutton":14,"minecraft:cod":2,"minecraft:rail":21,"minecraft:white_wool":9,"minecraft:cobblestone":560,"minecraft:birch_log":108,"minecraft:feather":15,"minecraft:cooked_beef":11,"minecraft:glow_ink_sac":1,"minecraft:salmon":1,"minecraft:brown_wool":1,"minecraft:leather":13,"minecraft:smoker":1,"minecraft:red_mushroom":2,"minecraft:potato":1,"minecraft:tuff":51,"minecraft:oak_log":321,"minecraft:yellow_bed":5,"mca:book_romance":1,"minecraft:dirt":31,"minecraft:cooked_mutton":8,"minecraft:bone":4,"minecraft:apple":15,"minecraft:wheat_seeds":6,"minecraft:orange_tulip":4,"minecraft:raw_gold":13,"guideapi_vp:vampirism-guidebook":1,"minecraft:iron_ingot":16,"minecraft:glass_bottle":1,"minecraft:glowstone_dust":8,"minecraft:moss_block":11,"minecraft:flowering_azalea":1,"minecraft:book":1,"minecraft:gravel":4,"minecraft:stripped_spruce_log":2,"minecraft:spruce_sapling":4,"minecraft:white_bed":1,"minecraft:spruce_log":11,"minecraft:dark_oak_log":26,"minecraft:spider_eye":12,"tetra:geode":2,"minecraft:diamond":67,"minecraft:crossbow":1,"minecraft:bread":3,"minecraft:oak_sapling":116,"minecraft:damaged_anvil":1,"minecraft:dark_oak_fence":1,"minecraft:coal":126},"minecraft:broken":{"minecraft:wooden_pickaxe":1,"minecraft:stone_pickaxe":1,"minecraft:stone_axe":1,"minecraft:iron_pickaxe":3,"minecraft:wooden_axe":1},"minecraft:custom":{"minecraft:interact_with_anvil":3,"minecraft:mob_kills":119,"minecraft:interact_with_crafting_table":75,"minecraft:damage_dealt_resisted":250,"minecraft:leave_game":13,"minecraft:time_since_death":47163,"minecraft:climb_one_cm":26646,"minecraft:sprint_one_cm":821603,"minecraft:walk_one_cm":781327,"minecraft:damage_blocked_by_shield":320,"minecraft:drop":25,"minecraft:play_time":397576,"minecraft:sneak_time":5416,"minecraft:deaths":16,"minecraft:walk_under_water_one_cm":22245,"minecraft:boat_one_cm":224272,"minecraft:jump":7909,"minecraft:walk_on_water_one_cm":43293,"minecraft:total_world_time":397576,"minecraft:interact_with_furnace":95,"tombstone:raider_killed":2,"minecraft:interact_with_cartography_table":1,"minecraft:sleep_in_bed":4,"minecraft:time_since_rest":44970,"minecraft:waystone_activated":1,"minecraft:damage_taken":107729,"minecraft:damage_dealt":16821,"minecraft:swim_one_cm":7971,"minecraft:fly_one_cm":1733378,"minecraft:open_chest":127,"minecraft:crouch_one_cm":12190,"tombstone:undead_killed":21,"minecraft:fall_one_cm":198781,"minecraft:fish_caught":3,"minecraft:interact_with_smoker":2},"minecraft:mined":{"minecraft:tuff":51,"minecraft:spruce_planks":1,"minecraft:white_bed":1,"minecraft:mossy_cobblestone":1,"minecraft:deepslate_diamond_ore":67,"tetra:block_geode":2,"farmersdelight:wild_carrots":3,"minecraft:dark_oak_log":26,"minecraft:spruce_trapdoor":1,"gravestone:gravestone":4,"minecraft:dark_oak_fence":1,"minecraft:grass_block":10,"minecraft:moss_block":2,"minecraft:large_fern":2,"minecraft:glowstone":1,"minecraft:carrots":6,"minecraft:furnace":5,"minecraft:iron_ore":127,"minecraft:stripped_spruce_log":2,"minecraft:peony":1,"minecraft:red_tulip":1,"minecraft:deepslate_iron_ore":12,"minecraft:cobblestone_slab":3,"minecraft:rail":2,"minecraft:oak_stairs":1,"minecraft:azalea":1,"minecraft:white_tulip":6,"minecraft:stone":492,"minecraft:deepslate_redstone_ore":24,"minecraft:cyan_terracotta":8,"minecraft:smoker":2,"minecraft:oak_fence":2,"minecraft:clay":31,"minecraft:crafting_table":7,"minecraft:torch":9,"minecraft:poppy":5,"minecraft:chest":4,"minecraft:rose_bush":2,"minecraft:copper_ore":2,"minecraft:tall_grass":17,"minecraft:cobblestone":19,"minecraft:deepslate_coal_ore":5,"minecraft:deepslate_gold_ore":3,"minecraft:damaged_anvil":1,"minecraft:wall_torch":18,"minecraft:spruce_stairs":1,"minecraft:birch_log":68,"minecraft:spruce_log":11,"minecraft:orange_tulip":7,"minecraft:yellow_bed":5,"minecraft:grass":63,"minecraft:oak_log":203,"minecraft:coal_ore":64,"minecraft:gravel":4,"minecraft:dirt":9,"minecraft:gold_ore":10,"minecraft:deepslate":319,"minecraft:oak_leaves":12,"minecraft:infested_stone":2,"minecraft:fern":4},"minecraft:crafted":{"minecraft:wooden_sword":2,"minecraft:oak_planks":100,"minecraft:cobblestone_slab":60,"minecraft:fishing_rod":1,"sophisticatedbackpacks:tool_swapper_upgrade":1,"minecraft:cooked_chicken":9,"sophisticatedbackpacks:stack_upgrade_tier_1":1,"minecraft:furnace":2,"minecraft:bone_meal":12,"minecraft:cooked_mutton":11,"sophisticatedbackpacks:smelting_upgrade":1,"minecraft:diamond_helmet":1,"minecraft:diamond_leggings":1,"minecraft:iron_boots":1,"minecraft:iron_axe":1,"minecraft:iron_hoe":1,"minecraft:stone_pickaxe":3,"minecraft:chest":4,"minecraft:diamond_boots":1,"sophisticatedbackpacks:iron_backpack":1,"minecraft:cooked_beef":10,"minecraft:wooden_shovel":1,"sophisticatedbackpacks:backpack":1,"minecraft:crafting_table":4,"minecraft:spruce_planks":4,"sophisticatedbackpacks:advanced_tool_swapper_upgrade":1,"minecraft:wooden_pickaxe":3,"minecraft:iron_helmet":1,"minecraft:iron_sword":1,"sophisticatedbackpacks:gold_backpack":1,"minecraft:bucket":2,"minecraft:stone_axe":2,"sophisticatedbackpacks:upgrade_base":3,"minecraft:air":0,"minecraft:oak_boat":1,"minecraft:iron_chestplate":1,"minecraft:shield":1,"sophisticatedbackpacks:diamond_backpack":1,"minecraft:stick":32,"minecraft:iron_ingot":66,"minecraft:iron_pickaxe":3,"minecraft:wooden_axe":3,"minecraft:iron_block":8,"minecraft:stone_sword":1,"minecraft:iron_shovel":1,"minecraft:gold_ingot":23,"minecraft:iron_leggings":1,"minecraft:torch":36,"minecraft:diamond_chestplate":1}},"DataVersion":3120}