{"stats":{"minecraft:killed":{"vampirism:vampire":3,"minecraft:spider":28,"twilightforest:lich_minion":1,"minecraft:skeleton":4,"twilightforest:lich":1,"minecraft:chicken":10,"minecraft:pig":18,"alexsmobs:grizzly_bear":1,"twilightforest:skeleton_druid":1,"vampirism:hunter":1,"minecraft:sheep":8,"minecraft:pillager":2,"minecraft:zombie":16,"minecraft:glow_squid":1,"minecraft:cow":8,"mca:male_zombie_villager":1,"minecraft:horse":1,"twilightforest:naga":1,"evilcraft:poisonous_libelle":1},"minecraft:used":{"minecraft:iron_shovel":30,"minecraft:poppy":2,"minecraft:chest":7,"minecraft:shield":16,"minecraft:iron_sword":298,"twilightforest:canopy_sapling":1,"minecraft:rotten_flesh":12,"minecraft:carrot":30,"minecraft:milk_bucket":2,"minecraft:cyan_terracotta":8,"minecraft:birch_sapling":2,"minecraft:furnace":8,"minecraft:oak_sapling":19,"minecraft:egg":3,"minecraft:damaged_anvil":1,"minecraft:stone_pickaxe":196,"minecraft:oak_planks":1,"minecraft:orange_tulip":1,"minecraft:wooden_pickaxe":78,"minecraft:diamond_axe":14,"minecraft:gravel":1,"minecraft:diamond_sword":70,"minecraft:wooden_sword":5,"minecraft:birch_log":1,"minecraft:oak_boat":7,"minecraft:bone_meal":12,"minecraft:stone_sword":34,"minecraft:tropical_fish":1,"minecraft:spruce_planks":4,"minecraft:cooked_chicken":7,"minecraft:torch":59,"minecraft:dirt":19,"minecraft:iron_hoe":69,"minecraft:wooden_axe":103,"minecraft:iron_axe":69,"tombstone:gift":8,"minecraft:cooked_beef":15,"minecraft:cobbled_deepslate":107,"minecraft:cooked_mutton":10,"minecraft:water_bucket":14,"minecraft:cobblestone_slab":66,"minecraft:salmon":1,"minecraft:crafting_table":10,"minecraft:white_bed":1,"minecraft:cod":2,"minecraft:smoker":1,"minecraft:oak_log":2,"minecraft:diamond_pickaxe":11,"minecraft:apple":8,"minecraft:chicken":1,"minecraft:iron_pickaxe":960,"twilightforest:nagastone_head":1,"minecraft:spruce_trapdoor":1,"minecraft:stone_axe":269,"minecraft:fishing_rod":24,"minecraft:cobblestone":197,"minecraft:porkchop":27,"minecraft:bucket":15,"minecraft:yellow_bed":7,"alexsmobs:animal_dictionary":2},"minecraft:killed_by":{"vampirism:advanced_vampire":1,"twilightforest:lich_minion":1,"minecraft:creeper":1,"twilightforest:lich":1,"twilightforest:death_tome":1,"alexsmobs:grizzly_bear":2,"vampirism:vampire":1,"minecraft:player":1,"minecraft:spider":1,"minecraft:skeleton":1,"twilightforest:redcap":1},"minecraft:picked_up":{"minecraft:oak_stairs":1,"minecraft:stone_brick_stairs":1,"minecraft:string":33,"minecraft:raw_copper":4,"minecraft:smooth_stone_slab":2,"minecraft:cobbled_deepslate":319,"minecraft:white_tulip":6,"minecraft:rose_bush":2,"minecraft:cobblestone_slab":7,"minecraft:azalea":2,"minecraft:iron_boots":3,"minecraft:furnace":7,"minecraft:stick":92,"minecraft:big_dripleaf":4,"minecraft:oak_fence":2,"minecraft:torch":29,"minecraft:spruce_stairs":1,"twilightforest:cracked_etched_nagastone":3,"minecraft:porkchop":53,"tombstone:grave_dust":1,"vampirism:vampire_fang":2,"vampirism:blood_bottle":1,"minecraft:rotten_flesh":38,"minecraft:tropical_fish":1,"minecraft:red_tulip":1,"minecraft:cyan_terracotta":8,"minecraft:cod":2,"minecraft:cobblestone":564,"minecraft:birch_log":108,"minecraft:mossy_cobblestone_slab":1,"minecraft:feather":15,"minecraft:cooked_beef":11,"minecraft:birch_slab":1,"minecraft:brown_wool":1,"minecraft:smoker":1,"minecraft:potato":1,"paraglider:spirit_orb":2,"minecraft:tuff":51,"twilightforest:mossy_nagastone_pillar":3,"minecraft:dirt":37,"tombstone:familiar_receptacle":1,"twilightforest:canopy_sapling":1,"minecraft:bone":6,"minecraft:orange_tulip":4,"minecraft:wheat_seeds":6,"minecraft:raw_gold":13,"minecraft:mossy_stone_bricks":10,"minecraft:glowstone_dust":8,"minecraft:moss_block":11,"minecraft:oak_planks":1,"minecraft:mossy_stone_brick_stairs":4,"minecraft:stripped_spruce_log":2,"minecraft:dark_oak_log":26,"minecraft:mossy_cobblestone":2,"twilightforest:mossy_etched_nagastone":6,"minecraft:polished_andesite":2,"tombstone:familiar_stone":1,"minecraft:diamond":67,"twilightforest:twilight_oak_sapling":51,"minecraft:crossbow":1,"minecraft:bread":3,"minecraft:oak_sapling":116,"minecraft:dark_oak_fence":1,"minecraft:fishing_rod":1,"minecraft:crafting_table":7,"minecraft:chicken":10,"minecraft:clay_ball":168,"minecraft:chest_minecart":1,"twilightforest:nagastone":8,"minecraft:moss_carpet":3,"evilcraft:poison_sac":1,"minecraft:cracked_stone_bricks":6,"twilightforest:nagastone_head":2,"minecraft:mossy_cobblestone_wall":4,"minecraft:beef":17,"minecraft:oak_boat":7,"minecraft:poppy":5,"minecraft:chest":4,"minecraft:birch_sapling":31,"minecraft:spruce_trapdoor":1,"minecraft:egg":4,"minecraft:dark_oak_sapling":14,"minecraft:raw_iron":137,"minecraft:carrot":22,"minecraft:redstone":166,"minecraft:arrow":4,"minecraft:peony":1,"twilightforest:etched_nagastone":6,"minecraft:gold_ingot":2,"minecraft:glow_berries":5,"minecraft:mutton":14,"minecraft:white_wool":9,"minecraft:rail":21,"minecraft:glow_ink_sac":1,"minecraft:salmon":1,"minecraft:leather":13,"minecraft:red_mushroom":2,"minecraft:oak_log":321,"minecraft:lily_pad":17,"minecraft:yellow_bed":8,"minecraft:cobblestone_wall":2,"minecraft:cobblestone_stairs":3,"tombstone:voodoo_poppet":1,"mca:book_romance":1,"minecraft:cooked_mutton":8,"minecraft:apple":15,"minecraft:stone_bricks":15,"guideapi_vp:vampirism-guidebook":1,"minecraft:iron_ingot":16,"minecraft:glass_bottle":1,"minecraft:flowering_azalea":1,"minecraft:book":1,"twilightforest:nagastone_pillar":18,"minecraft:chiseled_stone_bricks":4,"minecraft:gravel":4,"minecraft:spruce_sapling":4,"twilightforest:cracked_nagastone_pillar":5,"minecraft:spruce_log":11,"minecraft:white_bed":1,"minecraft:spider_eye":12,"tetra:geode":2,"minecraft:painting":16,"minecraft:damaged_anvil":1,"tombstone:magic_scroll":2,"twilightforest:spiral_bricks":29,"minecraft:coal":126},"minecraft:dropped":{"twilightforest:nagastone":7,"minecraft:leather":6,"minecraft:mossy_stone_brick_stairs":4,"minecraft:cracked_stone_bricks":6,"minecraft:mossy_cobblestone_wall":4,"minecraft:red_mushroom":1,"minecraft:cobblestone_stairs":3,"minecraft:dirt":4,"twilightforest:mossy_nagastone_pillar":3,"twilightforest:cracked_etched_nagastone":2,"minecraft:birch_sapling":1,"minecraft:rotten_flesh":14,"vampirism:blood_bottle":1,"minecraft:chiseled_stone_bricks":4,"twilightforest:cracked_nagastone_pillar":5,"twilightforest:nagastone_pillar":17,"minecraft:mossy_cobblestone":2,"twilightforest:nagastone_head":1,"minecraft:cobblestone":3,"twilightforest:twilight_oak_sapling":21,"twilightforest:etched_nagastone":6,"minecraft:polished_andesite":2,"minecraft:stick":21,"minecraft:milk_bucket":1,"minecraft:mossy_cobblestone_slab":1,"twilightforest:spiral_bricks":27,"minecraft:string":9,"minecraft:lily_pad":17,"minecraft:redstone":64,"minecraft:cobblestone_wall":2,"twilightforest:mossy_etched_nagastone":6,"minecraft:cobblestone_slab":1,"minecraft:mossy_stone_bricks":6,"minecraft:stone_bricks":10},"minecraft:broken":{"minecraft:stone_pickaxe":1,"minecraft:stone_axe":1,"minecraft:wooden_axe":1,"minecraft:wooden_pickaxe":1,"minecraft:iron_pickaxe":3},"minecraft:custom":{"minecraft:interact_with_crafting_table":79,"minecraft:leave_game":16,"minecraft:time_since_death":774,"minecraft:sprint_one_cm":989440,"minecraft:damage_blocked_by_shield":610,"minecraft:drop":89,"minecraft:play_time":460333,"minecraft:deaths":30,"minecraft:jump":9444,"tombstone:kill_undead_boss":1,"minecraft:walk_on_water_one_cm":71967,"minecraft:interact_with_furnace":98,"minecraft:interact_with_cartography_table":1,"minecraft:sleep_in_bed":7,"minecraft:waystone_activated":1,"minecraft:damage_dealt":19912,"minecraft:crouch_one_cm":12527,"tombstone:undead_killed":24,"minecraft:interact_with_smoker":2,"minecraft:mob_kills":124,"minecraft:interact_with_anvil":3,"minecraft:damage_dealt_resisted":250,"minecraft:climb_one_cm":26776,"minecraft:walk_one_cm":911673,"minecraft:sneak_time":5620,"minecraft:walk_under_water_one_cm":25055,"minecraft:boat_one_cm":259209,"minecraft:total_world_time":460333,"tombstone:raider_killed":2,"minecraft:time_since_rest":1,"minecraft:damage_taken":511788,"minecraft:swim_one_cm":8500,"minecraft:fly_one_cm":2226194,"minecraft:open_chest":152,"minecraft:fish_caught":3,"minecraft:fall_one_cm":239049},"minecraft:mined":{"minecraft:spruce_planks":1,"minecraft:white_bed":1,"minecraft:spruce_trapdoor":1,"minecraft:grass_block":13,"minecraft:spawner":1,"minecraft:glowstone":1,"minecraft:iron_ore":127,"minecraft:red_tulip":1,"minecraft:oak_stairs":1,"minecraft:azalea":1,"minecraft:deepslate_redstone_ore":24,"minecraft:cyan_terracotta":8,"minecraft:smoker":2,"minecraft:clay":31,"minecraft:torch":11,"minecraft:mossy_cobblestone_wall":1,"minecraft:poppy":5,"minecraft:chest":4,"minecraft:cobblestone":20,"minecraft:oak_planks":1,"minecraft:damaged_anvil":1,"minecraft:wall_torch":18,"minecraft:birch_log":68,"minecraft:orange_tulip":7,"minecraft:smooth_stone_slab":1,"minecraft:grass":83,"minecraft:oak_log":203,"minecraft:dirt":12,"minecraft:oak_leaves":12,"minecraft:deepslate":319,"minecraft:tuff":51,"minecraft:mossy_cobblestone":1,"minecraft:deepslate_diamond_ore":67,"tetra:block_geode":2,"farmersdelight:wild_carrots":3,"minecraft:dark_oak_log":26,"gravestone:gravestone":4,"minecraft:dark_oak_fence":1,"minecraft:birch_slab":1,"minecraft:moss_block":2,"twilightforest:nagastone_head":1,"minecraft:large_fern":2,"minecraft:furnace":5,"minecraft:carrots":6,"minecraft:stripped_spruce_log":2,"twilightforest:twilight_oak_leaves":1,"minecraft:peony":1,"minecraft:cobblestone_slab":3,"minecraft:deepslate_iron_ore":12,"minecraft:rail":2,"minecraft:stone":492,"minecraft:white_tulip":6,"minecraft:oak_fence":2,"minecraft:crafting_table":7,"minecraft:rose_bush":2,"minecraft:tall_grass":17,"minecraft:copper_ore":2,"minecraft:deepslate_coal_ore":5,"minecraft:deepslate_gold_ore":3,"twilightforest:mayapple":1,"minecraft:spruce_stairs":1,"minecraft:spruce_log":11,"minecraft:yellow_bed":8,"minecraft:coal_ore":64,"minecraft:gravel":4,"minecraft:stone_bricks":4,"minecraft:mossy_stone_bricks":2,"minecraft:gold_ore":10,"minecraft:infested_stone":2,"minecraft:fern":4},"minecraft:crafted":{"minecraft:oak_planks":100,"minecraft:cobblestone_slab":60,"minecraft:cooked_chicken":9,"minecraft:diamond_shovel":1,"minecraft:cooked_mutton":11,"sophisticatedbackpacks:smelting_upgrade":1,"minecraft:diamond_helmet":1,"minecraft:diamond_leggings":1,"minecraft:iron_boots":1,"minecraft:chest":4,"minecraft:wooden_shovel":1,"sophisticatedbackpacks:backpack":1,"minecraft:diamond_axe":1,"minecraft:crafting_table":4,"minecraft:spruce_planks":4,"minecraft:wooden_pickaxe":3,"minecraft:iron_helmet":1,"sophisticatedbackpacks:upgrade_base":3,"minecraft:iron_chestplate":1,"minecraft:diamond_pickaxe":1,"minecraft:shield":1,"sophisticatedbackpacks:diamond_backpack":1,"minecraft:stick":32,"minecraft:iron_ingot":66,"minecraft:iron_pickaxe":3,"minecraft:iron_block":8,"minecraft:stone_sword":1,"minecraft:gold_ingot":23,"minecraft:wooden_sword":2,"minecraft:fishing_rod":1,"sophisticatedbackpacks:tool_swapper_upgrade":1,"sophisticatedbackpacks:stack_upgrade_tier_1":1,"minecraft:furnace":2,"minecraft:bone_meal":12,"minecraft:iron_axe":1,"minecraft:iron_hoe":1,"minecraft:stone_pickaxe":3,"minecraft:diamond_boots":1,"sophisticatedbackpacks:iron_backpack":1,"minecraft:cooked_beef":10,"minecraft:diamond_sword":1,"sophisticatedbackpacks:advanced_tool_swapper_upgrade":1,"minecraft:iron_sword":1,"sophisticatedbackpacks:gold_backpack":1,"minecraft:bucket":2,"minecraft:stone_axe":2,"minecraft:air":0,"minecraft:oak_boat":1,"minecraft:wooden_axe":3,"minecraft:iron_shovel":1,"minecraft:iron_leggings":1,"minecraft:torch":36,"minecraft:diamond_chestplate":1}},"DataVersion":3120}