{"stats":{"minecraft:killed":{"mca:female_zombie_villager":1,"vampirism:vampire":3,"vampirism:advanced_vampire":2,"minecraft:spider":2,"minecraft:skeleton":10,"minecraft:chicken":1,"alexsmobs:flying_fish":1,"alexsmobs:grizzly_bear":1,"alexsmobs:skunk":1,"minecraft:creeper":1,"minecraft:squid":1,"vampirism:hunter":1,"minecraft:sheep":10,"iceandfire:ghost":1,"minecraft:zombie":30,"alexsmobs:cockroach":1,"mca:male_villager":1,"minecraft:cow":5,"minecraft:enderman":4},"minecraft:used":{"minecraft:azalea":1,"minecraft:moss_carpet":7,"minecraft:stone_sword":1,"minecraft:iron_shovel":17,"minecraft:chest":8,"minecraft:iron_sword":299,"minecraft:rotten_flesh":4,"iceandfire:silver_ore":2,"minecraft:dirt":94,"minecraft:mutton":3,"minecraft:tuff":23,"minecraft:milk_bucket":1,"minecraft:spruce_boat":1,"minecraft:iron_hoe":14,"minecraft:dark_oak_planks":2,"minecraft:cyan_terracotta":11,"minecraft:iron_axe":286,"minecraft:beef":8,"minecraft:hay_block":2,"minecraft:furnace":5,"tombstone:gift":6,"minecraft:potato":4,"minecraft:cooked_beef":3,"minecraft:cobbled_deepslate":17,"minecraft:dark_oak_sapling":1,"minecraft:cooked_mutton":4,"minecraft:water_bucket":16,"minecraft:diorite":4,"minecraft:stone_pickaxe":33,"minecraft:baked_potato":7,"minecraft:oak_planks":3,"evilcraft:blood_infuser":1,"minecraft:wooden_pickaxe":27,"minecraft:clay":2,"minecraft:fletching_table":2,"minecraft:cookie":5,"minecraft:glow_berries":28,"evilcraft:undead_sapling":11,"minecraft:red_bed":3,"minecraft:crafting_table":12,"minecraft:light_gray_terracotta":5,"tetra:modular_double":4,"minecraft:white_bed":3,"minecraft:cod":3,"minecraft:shears":8,"minecraft:smoker":1,"minecraft:birch_fence":28,"alexsmobs:flying_fish":1,"minecraft:diamond_pickaxe":410,"minecraft:diamond_shovel":206,"minecraft:birch_fence_gate":2,"minecraft:bread":49,"minecraft:iron_pickaxe":181,"minecraft:cyan_carpet":20,"minecraft:gravel":29,"minecraft:diamond_sword":69,"evilcraft:dark_tank":1,"minecraft:wooden_sword":12,"minecraft:cobblestone":123,"minecraft:cooked_porkchop":2,"minecraft:andesite":6,"minecraft:bucket":17,"minecraft:black_candle":1,"evilcraft:sanguinary_pedestal_0":1,"minecraft:oak_boat":6,"minecraft:bone_meal":9},"minecraft:killed_by":{"minecraft:skeleton":2,"minecraft:zombie":2},"minecraft:dropped":{"evilcraft:dark_gem":8,"minecraft:dirt":4,"minecraft:string":1,"minecraft:gravel":22,"minecraft:moss_carpet":7,"minecraft:rotten_flesh":1,"alexsmobs:cockroach_wing_fragment":1,"minecraft:iron_chestplate":2},"minecraft:picked_up":{"evilcraft:undead_sapling":4,"minecraft:crafting_table":8,"minecraft:iron_chestplate":1,"minecraft:chicken":1,"evilcraft:dark_power_gem":1,"minecraft:clay_ball":84,"minecraft:chest_minecart":1,"minecraft:smithing_table":1,"minecraft:raw_copper":24,"minecraft:string":3,"minecraft:red_bed":5,"minecraft:moss_carpet":21,"minecraft:birch_fence":2,"minecraft:cyan_carpet":20,"minecraft:cobbled_deepslate":115,"minecraft:spruce_planks":1,"minecraft:beef":9,"minecraft:white_tulip":6,"minecraft:oak_boat":5,"minecraft:azalea":4,"minecraft:poppy":2,"evilcraft:hardened_blood_shard":40,"minecraft:sugar_cane":21,"minecraft:chest":1,"minecraft:birch_sapling":56,"minecraft:egg":2,"minecraft:phantom_membrane":1,"minecraft:furnace":2,"minecraft:copper_ore":1,"minecraft:dark_oak_sapling":1,"minecraft:stick":50,"minecraft:raw_iron":69,"minecraft:copper_ingot":6,"minecraft:torch":1,"tetra:holo":1,"iceandfire:silver_ore":2,"minecraft:diorite":4,"tombstone:grave_dust":7,"vampirism:vampire_fang":1,"minecraft:redstone":8,"minecraft:dark_oak_planks":2,"minecraft:arrow":20,"vampirism:blood_bottle":1,"minecraft:rotten_flesh":31,"minecraft:hay_block":23,"minecraft:cyan_terracotta":11,"iceandfire:deepslate_silver_ore":2,"minecraft:glow_berries":4,"minecraft:obsidian":1,"minecraft:mutton":15,"minecraft:rail":16,"alexsmobs:flying_fish":1,"minecraft:white_wool":10,"minecraft:cobblestone":254,"minecraft:birch_log":190,"vampirism:vampire_blood_bottle":1,"minecraft:andesite":12,"minecraft:leather":11,"minecraft:smoker":1,"minecraft:potato":1,"minecraft:birch_planks":8,"alexsmobs:bear_fur":1,"minecraft:flint":4,"minecraft:tuff":27,"minecraft:oak_log":71,"iceandfire:ectoplasm":1,"minecraft:lapis_lazuli":65,"minecraft:dirt":236,"vampirism:human_heart":1,"minecraft:bone":10,"minecraft:wheat_seeds":6,"minecraft:orange_tulip":8,"minecraft:raw_gold":9,"alexsmobs:cockroach_wing_fragment":1,"minecraft:iron_ingot":2,"minecraft:fletching_table":1,"minecraft:moss_block":8,"minecraft:oak_planks":6,"minecraft:milk_bucket":1,"minecraft:black_candle":1,"minecraft:dandelion":9,"minecraft:gravel":56,"minecraft:sand":6,"minecraft:spruce_log":3,"minecraft:ink_sac":3,"minecraft:white_bed":3,"minecraft:dead_bush":7,"minecraft:gold_ore":1,"minecraft:dark_oak_log":5,"minecraft:light_gray_terracotta":5,"minecraft:clay":2,"tetra:geode":2,"minecraft:diamond":31,"minecraft:spruce_boat":1,"evilcraft:dark_gem":32,"minecraft:baked_potato":10,"minecraft:oak_sapling":28,"minecraft:melon_seeds":3,"minecraft:coal":55,"minecraft:sunflower":11,"minecraft:ender_pearl":1},"minecraft:broken":{"minecraft:iron_axe":1},"minecraft:custom":{"minecraft:mob_kills":88,"minecraft:interact_with_crafting_table":61,"minecraft:open_barrel":9,"goblintraders:trade_with_goblin":55,"minecraft:damage_dealt_resisted":297,"minecraft:eat_cake_slice":4,"minecraft:leave_game":10,"minecraft:time_since_death":86814,"minecraft:climb_one_cm":9536,"minecraft:sprint_one_cm":892610,"minecraft:walk_one_cm":494918,"minecraft:drop":29,"minecraft:play_time":323564,"minecraft:deaths":15,"minecraft:sneak_time":2508,"minecraft:walk_under_water_one_cm":20260,"minecraft:boat_one_cm":378605,"minecraft:jump":6039,"minecraft:walk_on_water_one_cm":26455,"minecraft:total_world_time":323564,"minecraft:interact_with_furnace":31,"minecraft:sleep_in_bed":8,"minecraft:time_since_rest":10435,"minecraft:damage_taken":6983,"tombstone:sneak_grave":1,"minecraft:damage_dealt":17073,"minecraft:swim_one_cm":62862,"minecraft:fly_one_cm":1349180,"minecraft:open_chest":175,"minecraft:crouch_one_cm":5610,"tombstone:undead_killed":35,"tombstone:villager_killed":1,"minecraft:fall_one_cm":234671,"minecraft:interact_with_smoker":2},"minecraft:mined":{"minecraft:dark_oak_planks":2,"minecraft:diamond_ore":12,"minecraft:tuff":30,"minecraft:white_bed":3,"iceandfire:silver_ore":2,"minecraft:dark_oak_leaves":1,"minecraft:deepslate_diamond_ore":20,"tetra:block_geode":2,"minecraft:dark_oak_log":5,"minecraft:obsidian":1,"minecraft:cave_vines_plant":1,"gravestone:gravestone":7,"minecraft:granite":11,"minecraft:grass_block":181,"iceandfire:deepslate_silver_ore":2,"farmersdelight:wild_cabbages":1,"minecraft:moss_block":2,"minecraft:hay_block":23,"minecraft:furnace":2,"minecraft:iron_ore":56,"minecraft:andesite":17,"minecraft:fletching_table":1,"minecraft:moss_carpet":7,"evilcraft:dark_ore":2,"minecraft:deepslate_lapis_ore":4,"minecraft:cave_vines":6,"minecraft:deepslate_iron_ore":13,"minecraft:azalea":3,"minecraft:stone":236,"minecraft:white_tulip":6,"evilcraft:undead_sapling":3,"minecraft:smithing_table":1,"minecraft:deepslate_redstone_ore":2,"minecraft:cyan_terracotta":11,"minecraft:red_bed":5,"minecraft:blackstone":1,"minecraft:smoker":1,"minecraft:dandelion":10,"minecraft:clay":21,"minecraft:crafting_table":7,"minecraft:light_gray_terracotta":3,"minecraft:poppy":2,"minecraft:chest":1,"minecraft:dead_bush":7,"minecraft:copper_ore":7,"minecraft:tall_grass":25,"minecraft:lapis_ore":5,"minecraft:sugar_cane":11,"minecraft:oak_planks":1,"minecraft:diorite":7,"minecraft:seagrass":1,"evilcraft:dark_ore_deepslate":4,"minecraft:birch_log":185,"tetra:basic_workbench":1,"minecraft:spruce_log":3,"minecraft:birch_leaves":4,"minecraft:orange_tulip":7,"minecraft:grass":82,"minecraft:oak_log":66,"minecraft:coal_ore":36,"minecraft:sunflower":11,"minecraft:gravel":47,"minecraft:cyan_carpet":20,"minecraft:sand":6,"minecraft:dirt":34,"minecraft:cobweb":1,"minecraft:fern":1,"minecraft:birch_fence":1,"minecraft:gold_ore":9,"evilcraft:hardened_blood":14,"minecraft:oak_leaves":11,"minecraft:deepslate":112},"minecraft:crafted":{"evilcraft:dark_spike":48,"minecraft:wooden_sword":1,"minecraft:oak_planks":172,"minecraft:furnace":4,"mca:bouquet":1,"minecraft:bone_meal":9,"minecraft:diamond_shovel":1,"minecraft:cooked_mutton":3,"minecraft:flint_and_steel":1,"evilcraft:dark_block":1,"minecraft:glass":6,"minecraft:diamond_helmet":1,"minecraft:diamond_leggings":1,"minecraft:iron_boots":1,"evilcraft:blood_extractor":5,"evilcraft:sanguinary_pedestal_0":1,"minecraft:iron_axe":1,"minecraft:iron_hoe":1,"minecraft:birch_fence_gate":2,"minecraft:stone_pickaxe":1,"minecraft:chest":13,"minecraft:diamond_boots":1,"minecraft:spruce_boat":1,"minecraft:dark_oak_planks":12,"tetra:modular_double":3,"minecraft:wheat":189,"minecraft:cooked_beef":2,"minecraft:diamond_sword":1,"sophisticatedbackpacks:backpack":1,"evilcraft:dark_tank":1,"minecraft:crafting_table":4,"evilcraft:blood_infusion_core":1,"minecraft:spruce_planks":12,"minecraft:baked_potato":4,"minecraft:wooden_pickaxe":1,"minecraft:iron_helmet":1,"minecraft:iron_sword":2,"minecraft:copper_ingot":48,"minecraft:fletching_table":1,"minecraft:bucket":1,"minecraft:birch_planks":324,"minecraft:bread":63,"minecraft:air":0,"minecraft:oak_boat":1,"minecraft:iron_chestplate":1,"minecraft:diamond_pickaxe":1,"minecraft:birch_fence":48,"minecraft:stick":148,"minecraft:iron_ingot":65,"evilcraft:blood_infuser":1,"minecraft:iron_pickaxe":1,"minecraft:stone_sword":1,"minecraft:iron_leggings":1,"minecraft:gold_ingot":10,"minecraft:shears":1,"minecraft:diamond_chestplate":1}},"DataVersion":3120}