{"stats":{"minecraft:mined":{"minecraft:tuff":3,"minecraft:blackstone":1,"minecraft:deepslate_diamond_ore":12,"minecraft:crafting_table":6,"minecraft:granite":11,"gravestone:gravestone":7,"minecraft:grass_block":11,"minecraft:copper_ore":7,"minecraft:lapis_ore":5,"minecraft:oak_planks":1,"minecraft:diorite":7,"minecraft:furnace":1,"minecraft:iron_ore":49,"minecraft:andesite":5,"minecraft:birch_leaves":1,"minecraft:grass":1,"minecraft:coal_ore":18,"minecraft:oak_log":10,"minecraft:deepslate_iron_ore":13,"minecraft:gravel":4,"minecraft:dirt":5,"minecraft:cobweb":1,"minecraft:stone":79,"minecraft:gold_ore":2,"minecraft:oak_leaves":7,"minecraft:deepslate":9},"minecraft:crafted":{"minecraft:wooden_sword":1,"minecraft:oak_planks":40,"minecraft:crafting_table":1,"minecraft:wooden_pickaxe":1,"minecraft:iron_helmet":1,"minecraft:iron_sword":2,"minecraft:furnace":1,"minecraft:copper_ingot":48,"minecraft:bucket":1,"minecraft:air":0,"minecraft:iron_chestplate":1,"minecraft:iron_boots":1,"minecraft:diamond_pickaxe":1,"minecraft:iron_axe":1,"minecraft:stick":20,"minecraft:iron_ingot":63,"minecraft:iron_pickaxe":1,"minecraft:stone_pickaxe":1,"minecraft:stone_sword":1,"minecraft:iron_leggings":1,"minecraft:gold_ingot":3,"minecraft:diamond_chestplate":1},"minecraft:killed_by":{"minecraft:skeleton":2,"born_in_chaos_v1:skeleton_thrasher":1,"born_in_chaos_v1:baby_skeleton":1,"hmag:kobold":1,"hmag:skeleton_girl":1,"born_in_chaos_v1:fallen_chaos_knight":1,"born_in_chaos_v1:dread_hound":3,"gnumus:gnumus":1},"minecraft:dropped":{"minecraft:gravel":3,"minecraft:iron_chestplate":2,"gravestone:obituary":12},"minecraft:killed":{"gnumus:gnumus":1,"greekfantasy:shade":5,"hmag:ghost":2,"born_in_chaos_v1:baby_s_2":1,"born_in_chaos_v1:restless_spirit":1,"minecraft:spider":1,"minecraft:creeper":1,"minecraft:skeleton":2,"minecraft:zombie":5},"minecraft:picked_up":{"minecraft:iron_chestplate":1,"minecraft:crafting_table":6,"minecraft:chest_minecart":1,"minecraft:oak_log":11,"gravestone:obituary":1,"minecraft:dirt":16,"minecraft:lapis_lazuli":36,"minecraft:string":1,"minecraft:raw_copper":24,"minecraft:bone":5,"minecraft:cobbled_deepslate":12,"minecraft:raw_gold":2,"minecraft:iron_ingot":2,"minecraft:oak_planks":1,"minecraft:phantom_membrane":1,"minecraft:furnace":1,"minecraft:raw_iron":62,"bygonenether:cobbled_blackstone":1,"hmag:soul_powder":3,"minecraft:torch":1,"minecraft:gravel":3,"minecraft:diorite":4,"minecraft:arrow":5,"minecraft:diamond":11,"minecraft:oak_sapling":1,"minecraft:melon_seeds":3,"minecraft:coal":35,"minecraft:rail":16,"minecraft:cobblestone":85},"minecraft:used":{"minecraft:water_bucket":5,"minecraft:diorite":4,"minecraft:stone_sword":1,"minecraft:stone_pickaxe":33,"minecraft:oak_planks":3,"minecraft:wooden_pickaxe":27,"minecraft:iron_sword":65,"minecraft:dirt":12,"minecraft:crafting_table":6,"hmag:randomberry":2,"minecraft:diamond_pickaxe":1,"minecraft:iron_axe":5,"minecraft:iron_pickaxe":181,"minecraft:wooden_sword":12,"minecraft:cobblestone":72,"minecraft:furnace":1,"minecraft:bucket":6,"minecraft:cobbled_deepslate":7},"minecraft:custom":{"minecraft:interact_with_furnace":2,"minecraft:mob_kills":19,"minecraft:interact_with_crafting_table":17,"goblintraders:trade_with_goblin":55,"minecraft:damage_dealt_resisted":14,"minecraft:leave_game":1,"minecraft:time_since_death":9557,"minecraft:time_since_rest":9583,"minecraft:sprint_one_cm":221147,"minecraft:damage_taken":3382,"minecraft:walk_one_cm":94080,"minecraft:drop":15,"minecraft:damage_dealt":3280,"minecraft:swim_one_cm":8761,"minecraft:fly_one_cm":302991,"minecraft:crouch_one_cm":1737,"minecraft:play_time":73678,"minecraft:deaths":12,"minecraft:sneak_time":1026,"minecraft:walk_under_water_one_cm":7239,"minecraft:jump":1447,"minecraft:walk_on_water_one_cm":7946,"minecraft:total_world_time":73678,"minecraft:fall_one_cm":80239}},"DataVersion":3120}