{"stats":{"minecraft:killed":{"vampirism:vampire":4,"vampirism:advanced_vampire":3,"minecraft:spider":5,"minecraft:skeleton":14,"minecraft:chicken":2,"alexsmobs:grizzly_bear":1,"minecraft:creeper":1,"twilightforest:skeleton_druid":3,"vampirism:hunter":2,"minecraft:sheep":10,"minecraft:zombie":34,"mca:male_villager":1,"minecraft:cow":5,"mca:female_zombie_villager":1,"alexsmobs:flying_fish":1,"alexsmobs:skunk":1,"twilightforest:kobold":1,"minecraft:squid":1,"alexsmobs:cockroach":1,"iceandfire:ghost":1,"minecraft:enderman":5},"minecraft:used":{"minecraft:moss_carpet":7,"minecraft:iron_shovel":17,"minecraft:chest":8,"minecraft:iron_sword":299,"vampirism:blood_container":1,"minecraft:rotten_flesh":4,"minecraft:mutton":3,"twilightforest:mangrove_fence":1,"minecraft:tuff":23,"minecraft:milk_bucket":1,"minecraft:spruce_boat":1,"minecraft:cyan_terracotta":11,"minecraft:lava_bucket":12,"twilightforest:nagastone":1,"minecraft:red_carpet":1,"minecraft:hay_block":2,"minecraft:furnace":5,"minecraft:potato":4,"minecraft:dark_oak_sapling":1,"minecraft:diorite":4,"minecraft:stone_pickaxe":33,"minecraft:oak_planks":3,"minecraft:orange_tulip":10,"minecraft:wooden_pickaxe":27,"minecraft:clay":2,"minecraft:cookie":5,"minecraft:glow_berries":28,"evilcraft:undead_sapling":11,"minecraft:light_gray_terracotta":14,"tetra:modular_double":92,"minecraft:shears":8,"minecraft:birch_fence":28,"waystones:waystone":1,"minecraft:birch_fence_gate":2,"minecraft:bread":63,"minecraft:cyan_carpet":20,"minecraft:gravel":29,"minecraft:diamond_sword":156,"minecraft:wooden_sword":12,"minecraft:andesite":6,"minecraft:oak_boat":6,"minecraft:bone_meal":9,"evilcraft:sanguinary_pedestal_0":1,"minecraft:azalea":1,"minecraft:stone_sword":1,"minecraft:flint_and_steel":1,"iceandfire:silver_ore":2,"minecraft:dirt":111,"minecraft:iron_hoe":14,"minecraft:dark_oak_planks":2,"minecraft:iron_axe":286,"minecraft:beef":8,"tombstone:gift":8,"minecraft:cooked_beef":3,"minecraft:cobbled_deepslate":17,"minecraft:cooked_mutton":4,"minecraft:water_bucket":41,"minecraft:baked_potato":10,"evilcraft:blood_infuser":1,"minecraft:fletching_table":2,"minecraft:crafting_table":12,"minecraft:red_bed":3,"minecraft:white_bed":3,"minecraft:cod":3,"minecraft:smoker":1,"tombstone:bag_of_seeds":2,"alexsmobs:flying_fish":1,"minecraft:diamond_pickaxe":416,"minecraft:diamond_shovel":255,"minecraft:iron_pickaxe":181,"twilightforest:nagastone_head":1,"minecraft:cobblestone":123,"evilcraft:dark_tank":1,"minecraft:cooked_porkchop":2,"minecraft:bucket":53,"minecraft:black_candle":1},"minecraft:killed_by":{"minecraft:zombie":2,"minecraft:iron_golem":1,"minecraft:skeleton":2},"minecraft:dropped":{"minecraft:glass_bottle":1,"minecraft:diamond":1,"minecraft:dirt":4,"minecraft:gravel":22,"minecraft:rotten_flesh":4,"vampirism:blood_bottle":1,"evilcraft:dark_gem":8,"minecraft:string":1,"minecraft:moss_carpet":7,"alexsmobs:cockroach_wing_fragment":1,"minecraft:iron_chestplate":2},"minecraft:picked_up":{"minecraft:iron_chestplate":1,"minecraft:wheat":2,"minecraft:smithing_table":1,"minecraft:string":6,"minecraft:raw_copper":24,"minecraft:gold_nugget":1,"minecraft:cobbled_deepslate":115,"minecraft:spruce_planks":1,"minecraft:white_tulip":6,"minecraft:azalea":4,"minecraft:furnace":2,"minecraft:stick":50,"tetra:holo":1,"minecraft:torch":1,"iceandfire:silver_ore":2,"vampirism:vampire_fang":1,"tombstone:grave_dust":9,"minecraft:diorite":4,"vampirism:blood_bottle":2,"minecraft:rotten_flesh":38,"minecraft:red_tulip":1,"minecraft:cyan_terracotta":11,"minecraft:obsidian":1,"alexsmobs:flying_fish":1,"minecraft:cobblestone":314,"minecraft:birch_log":190,"minecraft:andesite":12,"minecraft:brown_wool":3,"minecraft:smoker":1,"minecraft:potato":1,"alexsmobs:bear_fur":1,"paraglider:spirit_orb":4,"minecraft:flint":4,"minecraft:tuff":27,"minecraft:dirt":254,"minecraft:lapis_lazuli":65,"twilightforest:canopy_sapling":1,"minecraft:bone":15,"minecraft:orange_tulip":18,"minecraft:wheat_seeds":8,"minecraft:raw_gold":9,"minecraft:fletching_table":1,"minecraft:moss_block":8,"minecraft:oak_planks":6,"minecraft:sand":51,"twilightforest:mangrove_fence":1,"minecraft:ink_sac":3,"minecraft:dead_bush":7,"minecraft:dark_oak_log":5,"minecraft:light_gray_terracotta":21,"minecraft:clay":2,"minecraft:diamond":31,"minecraft:spruce_boat":1,"waystones:waystone":1,"minecraft:oak_sapling":28,"twilightforest:torchberries":4,"minecraft:crafting_table":8,"evilcraft:dark_power_gem":1,"minecraft:chicken":2,"evilcraft:undead_sapling":4,"minecraft:clay_ball":88,"minecraft:chest_minecart":1,"twilightforest:nagastone":1,"minecraft:red_bed":5,"minecraft:moss_carpet":21,"minecraft:birch_fence":2,"minecraft:cyan_carpet":20,"twilightforest:nagastone_head":1,"minecraft:beef":9,"minecraft:oak_boat":5,"minecraft:poppy":2,"evilcraft:hardened_blood_shard":40,"minecraft:sugar_cane":21,"minecraft:chest":1,"minecraft:birch_sapling":56,"minecraft:phantom_membrane":1,"minecraft:copper_ore":1,"minecraft:egg":3,"minecraft:dark_oak_sapling":1,"minecraft:raw_iron":69,"minecraft:copper_ingot":6,"minecraft:redstone":8,"minecraft:dark_oak_planks":2,"minecraft:arrow":24,"minecraft:peony":1,"minecraft:hay_block":23,"iceandfire:deepslate_silver_ore":2,"minecraft:glow_berries":4,"minecraft:mutton":21,"minecraft:white_wool":10,"minecraft:rail":16,"vampirism:vampire_blood_bottle":2,"minecraft:leather":11,"minecraft:birch_planks":8,"minecraft:oak_log":71,"iceandfire:ectoplasm":1,"twilightforest:raw_venison":6,"minecraft:red_carpet":1,"vampirism:human_heart":2,"alexsmobs:cockroach_wing_fragment":1,"minecraft:iron_ingot":2,"tombstone:bag_of_seeds":1,"minecraft:black_candle":1,"minecraft:milk_bucket":1,"minecraft:dandelion":9,"minecraft:gravel":56,"minecraft:white_bed":3,"minecraft:spruce_log":3,"minecraft:gold_ore":1,"tetra:geode":2,"evilcraft:dark_gem":32,"minecraft:baked_potato":10,"minecraft:melon_seeds":3,"minecraft:coal":55,"minecraft:ender_pearl":1,"minecraft:sunflower":11},"minecraft:broken":{"minecraft:iron_axe":1},"minecraft:custom":{"minecraft:interact_with_crafting_table":66,"minecraft:open_barrel":9,"goblintraders:trade_with_goblin":55,"minecraft:eat_cake_slice":4,"minecraft:leave_game":10,"minecraft:time_since_death":16788,"minecraft:sprint_one_cm":1119381,"minecraft:drop":35,"minecraft:play_time":413564,"minecraft:deaths":18,"minecraft:jump":7460,"minecraft:walk_on_water_one_cm":31310,"minecraft:interact_with_furnace":36,"minecraft:sleep_in_bed":8,"minecraft:waystone_activated":1,"tombstone:sneak_grave":1,"minecraft:damage_dealt":22145,"minecraft:player_kills":1,"minecraft:crouch_one_cm":13864,"tombstone:undead_killed":46,"tombstone:villager_killed":1,"minecraft:interact_with_smoker":2,"minecraft:interact_with_smithing_table":1,"minecraft:mob_kills":113,"minecraft:interact_with_anvil":1,"minecraft:damage_dealt_resisted":549,"minecraft:climb_one_cm":12267,"minecraft:walk_one_cm":585276,"minecraft:sneak_time":4305,"minecraft:walk_under_water_one_cm":26897,"minecraft:boat_one_cm":378605,"minecraft:total_world_time":413564,"minecraft:time_since_rest":16448,"minecraft:damage_taken":308767,"minecraft:trigger_trapped_chest":1,"minecraft:swim_one_cm":76626,"minecraft:fly_one_cm":1703340,"minecraft:open_chest":217,"minecraft:fall_one_cm":283595},"minecraft:mined":{"minecraft:dark_oak_planks":2,"minecraft:white_bed":3,"minecraft:obsidian":2,"minecraft:granite":11,"minecraft:cave_vines_plant":1,"minecraft:grass_block":185,"minecraft:spawner":2,"minecraft:iron_ore":56,"minecraft:moss_carpet":7,"minecraft:deepslate_lapis_ore":4,"minecraft:fletching_table":1,"minecraft:cave_vines":6,"minecraft:azalea":3,"minecraft:deepslate_redstone_ore":2,"minecraft:red_bed":5,"minecraft:cyan_terracotta":11,"minecraft:blackstone":1,"minecraft:smoker":1,"minecraft:clay":22,"minecraft:light_gray_terracotta":19,"minecraft:poppy":2,"minecraft:chest":1,"minecraft:dead_bush":7,"minecraft:cobblestone":1,"minecraft:oak_planks":1,"minecraft:sugar_cane":11,"minecraft:seagrass":2,"minecraft:birch_log":185,"evilcraft:dark_ore_deepslate":4,"minecraft:orange_tulip":17,"minecraft:grass":83,"minecraft:oak_log":66,"minecraft:sand":53,"minecraft:dirt":48,"minecraft:oak_leaves":11,"minecraft:deepslate":112,"evilcraft:hardened_blood":14,"minecraft:diamond_ore":12,"minecraft:tuff":30,"iceandfire:silver_ore":2,"minecraft:dark_oak_leaves":1,"minecraft:deepslate_diamond_ore":20,"tetra:block_geode":2,"minecraft:dark_oak_log":5,"gravestone:gravestone":7,"iceandfire:deepslate_silver_ore":2,"farmersdelight:wild_cabbages":1,"minecraft:moss_block":2,"twilightforest:nagastone_head":1,"minecraft:hay_block":23,"minecraft:furnace":2,"twilightforest:mangrove_fence":1,"minecraft:andesite":17,"evilcraft:dark_ore":2,"minecraft:peony":1,"minecraft:deepslate_iron_ore":13,"minecraft:white_tulip":6,"minecraft:stone":297,"evilcraft:undead_sapling":3,"minecraft:smithing_table":1,"minecraft:dandelion":10,"minecraft:crafting_table":7,"twilightforest:nagastone":1,"minecraft:tall_grass":25,"minecraft:copper_ore":7,"minecraft:lapis_ore":5,"minecraft:diorite":7,"tetra:basic_workbench":1,"minecraft:spruce_log":3,"minecraft:birch_leaves":4,"minecraft:coal_ore":36,"minecraft:cyan_carpet":20,"minecraft:gravel":47,"minecraft:sunflower":11,"minecraft:cobweb":1,"minecraft:gold_ore":9,"minecraft:birch_fence":1,"minecraft:fern":1},"minecraft:crafted":{"minecraft:oak_planks":172,"minecraft:diamond_shovel":1,"minecraft:cooked_mutton":3,"minecraft:glass":20,"minecraft:diamond_helmet":1,"minecraft:diamond_leggings":1,"minecraft:iron_boots":1,"evilcraft:blood_extractor":5,"minecraft:birch_fence_gate":2,"minecraft:chest":13,"minecraft:glass_bottle":6,"sophisticatedbackpacks:backpack":1,"minecraft:crafting_table":4,"minecraft:spruce_planks":12,"minecraft:wooden_pickaxe":1,"minecraft:baked_potato":4,"minecraft:iron_helmet":1,"minecraft:copper_ingot":48,"minecraft:fletching_table":1,"minecraft:birch_planks":324,"minecraft:iron_chestplate":1,"minecraft:diamond_pickaxe":1,"minecraft:birch_fence":48,"minecraft:stick":148,"minecraft:iron_ingot":65,"minecraft:iron_pickaxe":1,"minecraft:stone_sword":1,"minecraft:gold_ingot":10,"minecraft:shears":1,"evilcraft:dark_spike":48,"minecraft:wooden_sword":1,"minecraft:furnace":4,"mca:bouquet":1,"minecraft:bone_meal":9,"minecraft:flint_and_steel":1,"evilcraft:dark_block":1,"minecraft:iron_axe":1,"evilcraft:sanguinary_pedestal_0":1,"minecraft:iron_hoe":1,"minecraft:stone_pickaxe":1,"minecraft:diamond_boots":1,"minecraft:spruce_boat":1,"minecraft:dark_oak_planks":12,"tetra:modular_double":3,"minecraft:wheat":189,"minecraft:cooked_beef":2,"minecraft:diamond_sword":1,"evilcraft:dark_tank":1,"evilcraft:blood_infusion_core":1,"minecraft:iron_sword":2,"minecraft:bucket":1,"minecraft:bread":63,"minecraft:air":0,"minecraft:oak_boat":1,"evilcraft:blood_infuser":1,"minecraft:iron_leggings":1,"vampirism:blood_container":1,"minecraft:diamond_chestplate":1}},"DataVersion":3120}