{"stats":{"minecraft:custom":{"minecraft:jump":60,"minecraft:time_since_rest":11782,"minecraft:sprint_one_cm":10868,"minecraft:play_time":11782,"minecraft:time_since_death":11782,"minecraft:walk_one_cm":2485,"minecraft:total_world_time":11782,"minecraft:interact_with_crafting_table":4,"minecraft:fall_one_cm":894,"minecraft:fly_one_cm":11488},"minecraft:crafted":{"minecraft:oak_planks":24,"minecraft:stick":4,"minecraft:stone_pickaxe":1,"minecraft:wooden_pickaxe":1},"minecraft:mined":{"minecraft:grass":1,"minecraft:stone":8,"minecraft:grass_block":8,"minecraft:oak_log":6,"minecraft:oak_leaves":1},"minecraft:picked_up":{"minecraft:oak_log":7,"minecraft:dirt":8,"minecraft:cobblestone":8},"minecraft:used":{"minecraft:wooden_pickaxe":9,"minecraft:dirt":7}},"DataVersion":3120}