{"stats":{"minecraft:broken":{"minecraft:diamond_helmet":1,"minecraft:diamond_boots":1,"twilightforest:steeleaf_boots":1,"minecraft:iron_axe":1,"twilightforest:steeleaf_leggings":1,"twilightforest:steeleaf_helmet":1},"minecraft:used":{"minecraft:moss_carpet":7,"minecraft:iron_shovel":17,"minecraft:poppy":2,"minecraft:chest":9,"minecraft:iron_sword":299,"vampirism:blood_container":1,"minecraft:rotten_flesh":4,"minecraft:mutton":7,"twilightforest:mangrove_fence":1,"twilightforest:mazestone_mosaic":3,"ironchest:iron_chest":1,"minecraft:tuff":48,"minecraft:milk_bucket":3,"minecraft:spruce_boat":1,"minecraft:lava_bucket":12,"minecraft:cyan_terracotta":11,"minecraft:birch_sapling":1,"minecraft:pink_wool":1,"vampirism:blood_sieve":1,"twilightforest:nagastone":1,"minecraft:red_carpet":1,"minecraft:hay_block":2,"minecraft:furnace":5,"minecraft:potato":4,"minecraft:dark_oak_sapling":1,"minecraft:diorite":4,"minecraft:stone_pickaxe":33,"minecraft:oak_planks":10,"minecraft:orange_tulip":10,"minecraft:wooden_pickaxe":31,"vampirism:human_heart":2,"twilightforest:steeleaf_sword":104,"minecraft:clay":2,"minecraft:cookie":5,"minecraft:glow_berries":28,"minecraft:golden_apple":4,"evilcraft:undead_sapling":11,"minecraft:blast_furnace":2,"tetra:modular_double":223,"minecraft:light_gray_terracotta":19,"minecraft:shears":8,"twilightforest:ironwood_pickaxe":71,"minecraft:birch_fence":28,"minecraft:deepslate_tiles":1,"waystones:waystone":1,"twilightforest:diamond_minotaur_axe":12,"minecraft:birch_fence_gate":2,"twilightforest:maze_wafer":2,"minecraft:heavy_weighted_pressure_plate":5,"minecraft:bread":63,"minecraft:cyan_carpet":20,"tombstone:grave_key":2,"minecraft:gravel":30,"minecraft:diamond_sword":308,"minecraft:wooden_sword":12,"twilightforest:meef_stroganoff":1,"minecraft:andesite":6,"minecraft:oak_boat":6,"minecraft:coarse_dirt":1,"minecraft:bone_meal":9,"evilcraft:sanguinary_pedestal_0":1,"minecraft:azalea":1,"minecraft:dead_bush":1,"minecraft:stone_sword":1,"minecraft:flint_and_steel":1,"minecraft:netherrack":49,"minecraft:torch":1,"iceandfire:silver_ore":2,"minecraft:dirt":120,"tetra:modular_sword":250,"minecraft:dark_oak_planks":2,"minecraft:iron_hoe":23,"twilightforest:mazestone":1,"minecraft:iron_axe":513,"evilcraft:flesh_humanoid":1,"minecraft:smooth_basalt":12,"minecraft:tripwire_hook":1,"minecraft:beef":8,"minecraft:magenta_wool":1,"tombstone:gift":16,"minecraft:cooked_beef":3,"minecraft:cobbled_deepslate":42,"minecraft:calcite":13,"minecraft:wheat_seeds":2,"minecraft:cooked_mutton":4,"twilightforest:steeleaf_pickaxe":4,"minecraft:water_bucket":59,"minecraft:amethyst_block":8,"twilightforest:mazestone_brick":4,"minecraft:baked_potato":10,"evilcraft:blood_infuser":1,"minecraft:fletching_table":3,"vampirism:blood_grinder":3,"twilightforest:twilight_oak_sapling":2,"minecraft:tnt":6,"minecraft:crafting_table":14,"minecraft:red_bed":3,"minecraft:white_bed":5,"minecraft:cod":3,"minecraft:painting":1,"minecraft:smoker":1,"tombstone:bag_of_seeds":4,"alexsmobs:flying_fish":1,"twilightforest:mazebreaker_pickaxe":1511,"minecraft:diamond_pickaxe":494,"minecraft:diamond_shovel":255,"minecraft:iron_pickaxe":181,"twilightforest:nagastone_head":1,"minecraft:cobblestone":215,"minecraft:potion":10,"evilcraft:dark_tank":1,"minecraft:cooked_porkchop":2,"twilightforest:steeleaf_axe":30,"minecraft:bucket":74,"minecraft:black_candle":1,"minecraft:yellow_bed":2,"twilightforest:decorative_mazestone":7},"minecraft:crafted":{"minecraft:oak_planks":524,"minecraft:diamond_shovel":1,"minecraft:cooked_mutton":3,"minecraft:quartz_block":16,"minecraft:glass":51,"minecraft:hopper":3,"minecraft:diamond_helmet":1,"minecraft:diamond_leggings":1,"minecraft:iron_boots":1,"evilcraft:blood_extractor":5,"minecraft:birch_fence_gate":2,"minecraft:chest":20,"vampirism:blood_grinder":1,"minecraft:glass_bottle":12,"minecraft:emerald":50,"sophisticatedbackpacks:backpack":1,"minecraft:cauldron":1,"minecraft:crafting_table":5,"minecraft:spruce_planks":12,"minecraft:iron_helmet":1,"minecraft:wooden_pickaxe":2,"minecraft:baked_potato":4,"minecraft:copper_ingot":48,"minecraft:fletching_table":1,"minecraft:birch_planks":924,"twilightforest:ironwood_pickaxe":2,"minecraft:iron_chestplate":1,"minecraft:diamond_pickaxe":1,"sophisticatedbackpacks:diamond_backpack":1,"minecraft:birch_fence":48,"minecraft:stick":1536,"minecraft:iron_ingot":129,"minecraft:iron_pickaxe":1,"minecraft:stone_sword":1,"minecraft:gold_ingot":20,"minecraft:deepslate_bricks":380,"minecraft:shears":1,"evilcraft:dark_spike":48,"minecraft:wooden_sword":1,"minecraft:furnace":4,"mca:bouquet":1,"minecraft:bone_meal":9,"minecraft:flint_and_steel":1,"evilcraft:dark_block":1,"vampirism:blood_sieve":1,"minecraft:polished_deepslate":380,"twilightforest:twilight_oak_planks":36,"minecraft:iron_axe":2,"evilcraft:sanguinary_pedestal_0":1,"minecraft:iron_hoe":2,"minecraft:stone_pickaxe":1,"minecraft:diamond_boots":1,"minecraft:spruce_boat":1,"minecraft:dark_oak_planks":12,"tetra:modular_double":3,"minecraft:wheat":189,"sophisticatedbackpacks:iron_backpack":1,"minecraft:cooked_beef":2,"minecraft:diamond_sword":1,"evilcraft:dark_tank":1,"evilcraft:blood_infusion_core":1,"minecraft:iron_sword":2,"sophisticatedbackpacks:gold_backpack":1,"minecraft:bucket":1,"minecraft:deepslate_tiles":380,"minecraft:bread":63,"minecraft:air":0,"minecraft:oak_boat":1,"minecraft:flint":2,"evilcraft:blood_infuser":1,"minecraft:iron_leggings":1,"vampirism:blood_container":1,"minecraft:diamond_chestplate":1,"ironchest:iron_chest":1},"minecraft:dropped":{"minecraft:porkchop":12,"twilightforest:mazestone_brick":54,"minecraft:oak_pressure_plate":32,"minecraft:glass_bottle":1,"minecraft:diamond":1,"minecraft:warped_roots":1,"twilightforest:cooked_meef":4,"minecraft:leather":3,"twilightforest:maze_wafer":31,"twilightforest:mazebreaker_pickaxe":1,"minecraft:red_mushroom":7,"minecraft:dirt":4,"minecraft:mutton":2,"twilightforest:meef_stroganoff":1,"twilightforest:cracked_etched_nagastone":1,"twilightforest:decorative_mazestone":50,"minecraft:gravel":22,"twilightforest:cracked_mazestone":3,"minecraft:rotten_flesh":6,"vampirism:blood_bottle":1,"twilightforest:steeleaf_leggings":5,"evilcraft:flesh_humanoid":13,"minecraft:heavy_weighted_pressure_plate":2,"twilightforest:filled_maze_map":2,"minecraft:chest":8,"minecraft:iron_bars":28,"twilightforest:steeleaf_ingot":20,"twilightforest:maze_map_focus":1,"minecraft:netherrack":92,"minecraft:egg":1,"twilightforest:mangrove_chest":1,"minecraft:wheat_seeds":2,"twilightforest:steeleaf_helmet":3,"minecraft:diamond_leggings":2,"minecraft:oak_fence":9,"minecraft:golden_axe":2,"minecraft:cobblestone":3,"twilightforest:ironwood_ingot":1,"evilcraft:dark_gem":8,"twilightforest:mazestone_mosaic":26,"twilightforest:ironwood_chestplate":1,"minecraft:coal":6,"minecraft:stick":1,"twilightforest:steeleaf_boots":1,"minecraft:paper":20,"minecraft:string":5,"minecraft:tripwire_hook":1,"minecraft:lily_pad":1,"minecraft:dandelion":2,"minecraft:moss_carpet":7,"minecraft:light_gray_terracotta":5,"twilightforest:steeleaf_sword":1,"minecraft:bowl":1,"minecraft:chicken":4,"alexsmobs:cockroach_wing_fragment":1,"minecraft:diamond_chestplate":1,"evilcraft:ender_tear":1,"minecraft:iron_chestplate":2,"minecraft:slime_ball":1,"twilightforest:raw_meef":2,"minecraft:black_wool":1,"twilightforest:mossy_mazestone":1},"minecraft:mined":{"minecraft:dark_oak_planks":2,"twilightforest:cracked_etched_nagastone":1,"minecraft:white_bed":5,"minecraft:cobblestone_stairs":1,"minecraft:obsidian":3,"minecraft:cave_vines_plant":1,"minecraft:granite":11,"minecraft:budding_amethyst":2,"minecraft:grass_block":190,"twilightforest:decorative_mazestone":25,"twilightforest:mazestone":1,"minecraft:spawner":5,"minecraft:cobbled_deepslate":1,"minecraft:iron_ore":68,"minecraft:moss_carpet":7,"minecraft:deepslate_lapis_ore":4,"minecraft:fletching_table":2,"minecraft:cave_vines":6,"minecraft:small_amethyst_bud":1,"minecraft:iron_bars":75,"minecraft:azalea":3,"minecraft:tripwire":2,"minecraft:deepslate_redstone_ore":2,"minecraft:red_bed":6,"minecraft:cyan_terracotta":11,"minecraft:blackstone":1,"minecraft:amethyst_cluster":20,"minecraft:smoker":1,"minecraft:clay":35,"minecraft:light_gray_terracotta":31,"vampirism:blood_grinder":2,"minecraft:calcite":13,"minecraft:blast_furnace":2,"minecraft:poppy":2,"minecraft:chest":29,"twilightforest:twilight_oak_log":9,"minecraft:dead_bush":8,"minecraft:nether_quartz_ore":43,"minecraft:cobblestone":14,"minecraft:damaged_anvil":1,"minecraft:oak_planks":5,"minecraft:sugar_cane":11,"minecraft:wall_torch":2,"minecraft:amethyst_block":10,"mca:cross_headstone":1,"minecraft:seagrass":2,"minecraft:warped_nylium":3,"evilcraft:dark_ore_deepslate":4,"minecraft:birch_log":279,"minecraft:orange_tulip":17,"minecraft:tnt":17,"minecraft:smooth_stone_slab":2,"minecraft:grass":111,"minecraft:oak_log":159,"minecraft:sand":53,"minecraft:dirt":55,"minecraft:smooth_basalt":12,"minecraft:tripwire_hook":1,"minecraft:ancient_debris":6,"minecraft:netherrack":634,"minecraft:oak_leaves":16,"minecraft:deepslate":524,"evilcraft:hardened_blood":14,"minecraft:infested_deepslate":1,"minecraft:deepslate_tiles":1,"minecraft:diamond_ore":17,"minecraft:tuff":64,"iceandfire:silver_ore":2,"minecraft:deepslate_diamond_ore":79,"minecraft:dark_oak_leaves":1,"tetra:block_geode":2,"minecraft:dark_oak_log":5,"gravestone:gravestone":7,"minecraft:allium":1,"iceandfire:deepslate_silver_ore":2,"farmersdelight:wild_cabbages":1,"minecraft:moss_block":2,"twilightforest:nagastone_head":4,"minecraft:sandstone":3,"minecraft:hay_block":23,"twilightforest:mazestone_mosaic":4,"minecraft:furnace":2,"twilightforest:mangrove_fence":1,"minecraft:andesite":17,"evilcraft:dark_ore":2,"minecraft:peony":1,"minecraft:deepslate_iron_ore":13,"minecraft:stone":611,"minecraft:white_tulip":6,"evilcraft:undead_sapling":3,"minecraft:smithing_table":2,"minecraft:podzol":1,"minecraft:dandelion":10,"minecraft:oak_fence":2,"minecraft:crafting_table":8,"twilightforest:mazestone_brick":2,"minecraft:andesite_wall":1,"minecraft:copper_ore":7,"minecraft:tall_grass":27,"twilightforest:nagastone":5,"minecraft:deepslate_coal_ore":1,"minecraft:deepslate_gold_ore":8,"minecraft:lapis_ore":5,"minecraft:lily_pad":2,"twilightforest:mayapple":1,"minecraft:diorite":7,"minecraft:coarse_dirt":1,"minecraft:trapped_chest":2,"tetra:basic_workbench":2,"minecraft:spruce_log":3,"minecraft:birch_leaves":4,"minecraft:yellow_bed":3,"minecraft:coal_ore":38,"evilcraft:undead_log":10,"minecraft:cyan_carpet":20,"minecraft:sunflower":11,"minecraft:gravel":51,"minecraft:cobweb":4,"minecraft:infested_stone":2,"minecraft:gold_ore":9,"minecraft:birch_fence":1,"minecraft:fern":1},"minecraft:killed_by":{"twilightforest:death_tome":1,"twilightforest:minotaur":9,"minecraft:zombie":4,"twilightforest:fire_beetle":1,"minecraft:iron_golem":1,"minecraft:skeleton":3},"minecraft:custom":{"minecraft:interact_with_crafting_table":86,"minecraft:open_barrel":9,"goblintraders:trade_with_goblin":88,"minecraft:eat_cake_slice":4,"minecraft:leave_game":11,"minecraft:time_since_death":30379,"minecraft:sprint_one_cm":2246198,"minecraft:drop":130,"minecraft:play_time":698049,"minecraft:deaths":49,"minecraft:jump":12508,"tombstone:kill_undead_boss":1,"minecraft:walk_on_water_one_cm":79817,"minecraft:interact_with_furnace":51,"minecraft:traded_with_villager":42,"minecraft:sleep_in_bed":12,"minecraft:waystone_activated":1,"tombstone:sneak_grave":1,"minecraft:damage_dealt":46102,"minecraft:player_kills":1,"minecraft:crouch_one_cm":22359,"tombstone:undead_killed":71,"tombstone:villager_killed":1,"minecraft:interact_with_smoker":2,"minecraft:interact_with_smithing_table":1,"minecraft:interact_with_anvil":1,"minecraft:mob_kills":236,"minecraft:damage_dealt_resisted":549,"minecraft:climb_one_cm":17074,"minecraft:walk_one_cm":951711,"twilightforest:keeping_charms_activated":4,"minecraft:sneak_time":9315,"minecraft:walk_under_water_one_cm":52717,"minecraft:boat_one_cm":378605,"minecraft:total_world_time":698049,"tombstone:raider_killed":21,"minecraft:time_since_rest":30300,"minecraft:damage_taken":1022805,"minecraft:damage_absorbed":161,"minecraft:trigger_trapped_chest":3,"tombstone:cast_on_ally":0,"minecraft:swim_one_cm":194366,"minecraft:fly_one_cm":3070203,"minecraft:open_chest":407,"minecraft:fall_one_cm":391514},"minecraft:killed":{"vampirism:vampire":5,"minecraft:cave_spider":6,"vampirism:advanced_vampire":3,"minecraft:spider":11,"twilightforest:maze_slime":1,"minecraft:skeleton":16,"twilightforest:lich":1,"twilightforest:pinch_beetle":5,"minecraft:chicken":2,"minecraft:silverfish":1,"twilightforest:minotaur":25,"twilightforest:slime_beetle":3,"alexsmobs:grizzly_bear":1,"minecraft:iron_golem":1,"minecraft:creeper":2,"twilightforest:skeleton_druid":3,"vampirism:hunter":2,"minecraft:sheep":10,"minecraft:pillager":3,"minecraft:zombie":56,"mca:male_villager":1,"minecraft:glow_squid":1,"minecraft:cow":5,"mca:female_zombie_villager":1,"twilightforest:fire_beetle":2,"twilightforest:naga":2,"twilightforest:death_tome":2,"alexsmobs:flying_fish":1,"alexsmobs:skunk":1,"twilightforest:kobold":1,"minecraft:squid":1,"alexsmobs:cockroach":1,"iceandfire:ghost":1,"minecraft:enderman":8},"minecraft:picked_up":{"minecraft:iron_chestplate":1,"minecraft:wheat":2,"minecraft:smithing_table":2,"minecraft:potion":1,"minecraft:amethyst_block":8,"evilcraft:ender_tear":2,"minecraft:string":22,"minecraft:raw_copper":24,"minecraft:smooth_stone_slab":4,"twilightforest:steeleaf_ingot":21,"minecraft:deepslate_tiles":1,"minecraft:diamond_leggings":1,"minecraft:gold_nugget":1,"minecraft:cobbled_deepslate":524,"minecraft:spruce_planks":1,"twilightforest:mazebreaker_pickaxe":1,"minecraft:white_tulip":6,"minecraft:calcite":13,"minecraft:azalea":4,"minecraft:furnace":2,"twilightforest:filled_maze_map":2,"minecraft:stick":134,"minecraft:oak_fence":9,"tetra:holo":1,"minecraft:torch":3,"iceandfire:silver_ore":2,"twilightforest:cracked_etched_nagastone":1,"minecraft:porkchop":20,"minecraft:golden_axe":2,"vampirism:vampire_fang":2,"tombstone:grave_dust":12,"minecraft:diorite":4,"minecraft:andesite_wall":1,"vampirism:blood_bottle":3,"minecraft:rotten_flesh":60,"minecraft:red_tulip":1,"minecraft:cyan_terracotta":11,"vampirism:blood_grinder":2,"minecraft:blaze_rod":2,"minecraft:obsidian":2,"minecraft:iron_bars":83,"betteranimalsplus:goose_egg":2,"alexsmobs:flying_fish":1,"minecraft:cobblestone":640,"twilightforest:steeleaf_boots":1,"minecraft:birch_log":276,"tombstone:soul_receptacle":1,"minecraft:feather":2,"twilightforest:twilight_oak_log":9,"minecraft:andesite":12,"minecraft:brown_wool":4,"minecraft:smoker":1,"minecraft:potato":1,"alexsmobs:bear_fur":1,"paraglider:spirit_orb":8,"minecraft:flint":6,"minecraft:tuff":61,"twilightforest:mossy_mazestone":2,"evilcraft:flesh_humanoid":10,"minecraft:lapis_lazuli":65,"minecraft:dirt":265,"tombstone:familiar_receptacle":1,"twilightforest:canopy_sapling":1,"minecraft:bone":24,"minecraft:wheat_seeds":12,"minecraft:orange_tulip":18,"minecraft:raw_gold":20,"twilightforest:mangrove_chest":1,"twilightforest:steeleaf_helmet":2,"minecraft:fletching_table":2,"minecraft:moss_block":8,"twilightforest:decorative_mazestone":57,"minecraft:oak_planks":9,"twilightforest:mazestone_brick":63,"minecraft:oak_pressure_plate":32,"betteranimalsplus:pheasantraw":1,"minecraft:sand":51,"twilightforest:mangrove_fence":1,"minecraft:ink_sac":3,"minecraft:dead_bush":11,"minecraft:dark_oak_log":5,"minecraft:light_gray_terracotta":33,"twilightforest:charm_of_keeping_1":3,"minecraft:clay":2,"twilightforest:twilight_oak_sapling":13,"minecraft:diamond":126,"minecraft:spruce_boat":1,"waystones:waystone":1,"minecraft:golden_apple":2,"minecraft:oak_sapling":70,"minecraft:netherrack":551,"twilightforest:torchberries":4,"minecraft:coarse_dirt":1,"minecraft:crafting_table":10,"twilightforest:cooked_meef":3,"evilcraft:dark_power_gem":1,"minecraft:chicken":2,"evilcraft:undead_sapling":4,"minecraft:clay_ball":140,"minecraft:chest_minecart":1,"minecraft:brown_mushroom":4,"minecraft:pink_wool":1,"twilightforest:nagastone":1,"minecraft:heavy_weighted_pressure_plate":7,"minecraft:red_bed":6,"minecraft:moss_carpet":21,"minecraft:birch_fence":2,"minecraft:magenta_wool":1,"minecraft:cyan_carpet":20,"twilightforest:nagastone_head":1,"minecraft:beef":10,"minecraft:oak_boat":5,"minecraft:light_gray_wool":1,"minecraft:poppy":4,"evilcraft:hardened_blood_shard":40,"minecraft:sugar_cane":21,"minecraft:chest":29,"minecraft:birch_sapling":80,"minecraft:phantom_membrane":1,"minecraft:egg":6,"minecraft:copper_ore":1,"minecraft:dark_oak_sapling":1,"minecraft:raw_iron":95,"minecraft:sandstone":3,"twilightforest:red_thread":27,"minecraft:copper_ingot":6,"ironchest:iron_chest":1,"minecraft:redstone":8,"twilightforest:firefly":18,"tombstone:scroll_of_purification":1,"twilightforest:raw_meef":18,"minecraft:dark_oak_planks":2,"minecraft:tnt":19,"twilightforest:mazestone":1,"minecraft:arrow":42,"minecraft:peony":1,"twilightforest:mazestone_mosaic":29,"minecraft:hay_block":23,"iceandfire:deepslate_silver_ore":2,"minecraft:glow_berries":4,"minecraft:mutton":29,"minecraft:rail":16,"minecraft:white_wool":11,"vampirism:vampire_blood_bottle":2,"minecraft:glow_ink_sac":3,"minecraft:tripwire_hook":2,"minecraft:leather":28,"twilightforest:steeleaf_leggings":4,"minecraft:red_mushroom":10,"twilightforest:ironwood_chestplate":3,"minecraft:birch_planks":8,"minecraft:ancient_debris":6,"minecraft:mushroom_stew":7,"twilightforest:maze_wafer":100,"minecraft:oak_log":163,"minecraft:lily_pad":3,"iceandfire:ectoplasm":1,"minecraft:yellow_bed":3,"minecraft:gunpowder":3,"minecraft:paper":54,"minecraft:white_banner":1,"twilightforest:raw_venison":6,"minecraft:red_carpet":1,"vampirism:human_heart":2,"minecraft:apple":9,"twilightforest:ironwood_ingot":13,"alexsmobs:cockroach_wing_fragment":1,"minecraft:iron_ingot":15,"tombstone:bag_of_seeds":2,"twilightforest:cracked_mazestone":3,"minecraft:smooth_basalt":12,"evilcraft:undead_log":10,"minecraft:milk_bucket":3,"minecraft:black_candle":1,"minecraft:quartz":66,"minecraft:dandelion":11,"minecraft:gravel":58,"minecraft:amethyst_shard":40,"minecraft:blast_furnace":2,"minecraft:white_bed":5,"minecraft:spruce_log":3,"minecraft:gold_ore":1,"minecraft:spider_eye":1,"minecraft:slime_ball":6,"tetra:geode":2,"evilcraft:dark_gem":32,"minecraft:painting":11,"minecraft:warped_roots":2,"minecraft:damaged_anvil":1,"minecraft:baked_potato":10,"minecraft:black_wool":1,"minecraft:melon_seeds":3,"minecraft:coal":72,"minecraft:sunflower":11,"minecraft:ender_pearl":2}},"DataVersion":3120}