{"stats":{"minecraft:used":{"minecraft:moss_block":11,"minecraft:poppy":4,"evilcraft:blood_chest":1,"minecraft:chest":9,"twilightforest:canopy_sapling":27,"vampirism:blood_container":1,"minecraft:rotten_flesh":4,"evilcraft:sanguinary_pedestal_1":1,"twilightforest:mangrove_fence":1,"twilightforest:mazestone_mosaic":3,"ironchest:iron_chest":2,"minecraft:spruce_boat":1,"minecraft:lava_bucket":12,"minecraft:birch_sapling":1,"minecraft:pink_wool":1,"vampirism:blood_sieve":1,"minecraft:stone_brick_stairs":2,"twilightforest:nagastone":1,"minecraft:furnace":5,"minecraft:egg":1,"minecraft:potato":4,"minecraft:mossy_stone_bricks":11,"minecraft:diorite":4,"minecraft:orange_tulip":10,"minecraft:wooden_pickaxe":31,"vampirism:human_heart":2,"twilightforest:steeleaf_sword":247,"minecraft:clay":15,"minecraft:cookie":5,"minecraft:golden_apple":5,"minecraft:glow_berries":28,"evilcraft:undead_sapling":28,"minecraft:blast_furnace":2,"tetra:modular_double":518,"twilightforest:ironwood_pickaxe":71,"minecraft:birch_fence":55,"minecraft:deepslate_tiles":305,"twilightforest:maze_wafer":2,"minecraft:cyan_carpet":20,"minecraft:diamond_sword":308,"minecraft:wooden_sword":12,"twilightforest:meef_stroganoff":1,"minecraft:smithing_table":1,"minecraft:oak_boat":6,"evilcraft:sanguinary_pedestal_0":1,"minecraft:enchanting_table":1,"minecraft:stone_sword":1,"minecraft:dead_bush":1,"minecraft:netherrack":57,"minecraft:torch":1,"tetra:modular_sword":365,"twilightforest:mazestone":1,"minecraft:iron_axe":513,"minecraft:smooth_basalt":12,"minecraft:tripwire_hook":1,"minecraft:beef":8,"minecraft:magenta_wool":1,"tombstone:gift":18,"minecraft:cobbled_deepslate":50,"minecraft:calcite":13,"minecraft:wheat_seeds":2,"twilightforest:steeleaf_pickaxe":4,"minecraft:water_bucket":65,"minecraft:birch_planks":4,"minecraft:fletching_table":3,"vampirism:blood_grinder":3,"minecraft:cracked_stone_bricks":5,"twilightforest:twilight_oak_sapling":2,"minecraft:tnt":6,"minecraft:crafting_table":14,"minecraft:red_bed":3,"minecraft:white_bed":5,"minecraft:cod":3,"alexsmobs:flying_fish":1,"minecraft:diamond_pickaxe":494,"minecraft:diamond_shovel":281,"minecraft:iron_pickaxe":181,"tombstone:magic_scroll":1,"twilightforest:nagastone_head":1,"minecraft:cobblestone":318,"minecraft:potion":13,"evilcraft:dark_tank":2,"minecraft:cooked_porkchop":2,"minecraft:black_candle":1,"twilightforest:decorative_mazestone":7,"minecraft:dandelion":1,"minecraft:moss_carpet":7,"minecraft:iron_shovel":30,"minecraft:iron_sword":299,"minecraft:mutton":7,"vampirism:coffin_white":3,"minecraft:tuff":57,"minecraft:milk_bucket":3,"minecraft:cyan_terracotta":14,"minecraft:red_carpet":1,"minecraft:magma_block":2,"minecraft:hay_block":2,"minecraft:dark_oak_sapling":1,"minecraft:stone_pickaxe":33,"minecraft:oak_planks":10,"minecraft:diamond_axe":646,"minecraft:light_gray_terracotta":19,"minecraft:shears":8,"ironbows:diamond_bow":27,"waystones:waystone":1,"twilightforest:diamond_minotaur_axe":12,"minecraft:birch_fence_gate":4,"minecraft:dark_oak_log":50,"minecraft:heavy_weighted_pressure_plate":5,"minecraft:bread":63,"tombstone:grave_key":5,"minecraft:gravel":30,"minecraft:andesite":6,"minecraft:coarse_dirt":1,"minecraft:bone_meal":48,"minecraft:azalea":1,"minecraft:flint_and_steel":1,"minecraft:ender_chest":1,"evilcraft:purifier":2,"iceandfire:silver_ore":2,"minecraft:dirt":150,"ironchest:diamond_chest":1,"minecraft:iron_hoe":23,"minecraft:dark_oak_planks":130,"minecraft:bookshelf":22,"minecraft:oak_stairs":1,"evilcraft:flesh_humanoid":1,"minecraft:cooked_beef":3,"minecraft:cooked_mutton":4,"minecraft:amethyst_block":8,"minecraft:cobblestone_stairs":2,"twilightforest:mazestone_brick":4,"minecraft:baked_potato":10,"evilcraft:blood_infuser":1,"minecraft:painting":1,"minecraft:smoker":1,"tombstone:bag_of_seeds":5,"twilightforest:mazebreaker_pickaxe":2179,"minecraft:apple":1,"twilightforest:firefly":1,"twilightforest:steeleaf_axe":30,"minecraft:bucket":81,"minecraft:yellow_bed":2},"minecraft:crafted":{"minecraft:diamond_shovel":1,"minecraft:bookshelf":22,"minecraft:cooked_mutton":3,"minecraft:quartz_block":16,"minecraft:glass":51,"minecraft:diamond_helmet":2,"minecraft:diamond_leggings":2,"evilcraft:blood_extractor":6,"minecraft:birch_fence_gate":2,"minecraft:glass_bottle":12,"evilcraft:undead_planks":40,"minecraft:emerald":92,"minecraft:diamond_axe":2,"minecraft:copper_ingot":48,"minecraft:fletching_table":1,"waystones:warp_stone":1,"evilcraft:sanguinary_pedestal_1":1,"minecraft:iron_pickaxe":1,"minecraft:iron_block":8,"minecraft:gold_ingot":40,"minecraft:netherite_ingot":1,"sophisticatedbackpacks:netherite_backpack":1,"mca:bouquet":1,"minecraft:bone_meal":48,"evilcraft:dark_block":4,"twilightforest:twilight_oak_planks":36,"minecraft:stone_pickaxe":1,"minecraft:diamond_boots":2,"twilightforest:canopy_planks":256,"minecraft:spruce_boat":1,"minecraft:dark_oak_planks":268,"tetra:modular_double":3,"minecraft:wheat":189,"ironchest:gold_chest":1,"evilcraft:dark_tank":2,"minecraft:enchanting_table":1,"sophisticatedbackpacks:gold_backpack":1,"minecraft:deepslate_tiles":380,"evilcraft:purifier":1,"minecraft:flint":2,"evilcraft:blood_infuser":1,"minecraft:iron_shovel":1,"minecraft:iron_leggings":1,"minecraft:oak_planks":540,"minecraft:hopper":3,"evilcraft:promise_tier_1":1,"minecraft:bow":1,"minecraft:iron_boots":1,"ironbows:diamond_bow":1,"minecraft:chest":20,"vampirism:blood_grinder":1,"sophisticatedbackpacks:backpack":1,"minecraft:cauldron":1,"minecraft:crafting_table":5,"minecraft:spruce_planks":12,"minecraft:wooden_pickaxe":2,"minecraft:baked_potato":4,"minecraft:iron_helmet":1,"minecraft:gold_block":3,"evilcraft:bowl_of_promises_empty":4,"minecraft:birch_planks":924,"ironchest:diamond_chest":1,"twilightforest:ironwood_pickaxe":2,"minecraft:iron_chestplate":1,"minecraft:diamond_pickaxe":1,"sophisticatedbackpacks:diamond_backpack":1,"minecraft:birch_fence":48,"minecraft:stick":2028,"minecraft:iron_ingot":192,"vampirism:coffin_white":1,"minecraft:stone_sword":1,"minecraft:deepslate_bricks":380,"minecraft:shears":1,"evilcraft:dark_spike":48,"minecraft:wooden_sword":1,"evilcraft:bowl_of_promises_dusted":4,"evilcraft:blood_chest":1,"minecraft:furnace":4,"evilcraft:dark_power_gem_block":1,"minecraft:flint_and_steel":1,"vampirism:blood_sieve":1,"minecraft:polished_deepslate":380,"minecraft:iron_axe":2,"evilcraft:sanguinary_pedestal_0":1,"minecraft:iron_hoe":2,"minecraft:netherite_scrap":5,"sophisticatedbackpacks:iron_backpack":1,"minecraft:cooked_beef":2,"minecraft:diamond_sword":1,"evilcraft:blood_infusion_core":4,"minecraft:iron_sword":2,"minecraft:bowl":8,"minecraft:bucket":1,"minecraft:bread":63,"minecraft:air":0,"minecraft:oak_boat":1,"vampirism:blood_container":1,"minecraft:torch":4,"minecraft:clay":13,"minecraft:diamond_chestplate":2,"ironchest:iron_chest":1},"minecraft:mined":{"minecraft:dark_oak_planks":3,"twilightforest:cracked_etched_nagastone":1,"minecraft:white_bed":6,"minecraft:obsidian":11,"minecraft:granite":11,"minecraft:spawner":8,"minecraft:magma_block":2,"minecraft:cobbled_deepslate":1,"minecraft:moss_carpet":7,"minecraft:fletching_table":2,"minecraft:deepslate_lapis_ore":4,"minecraft:cave_vines":7,"minecraft:oak_stairs":1,"minecraft:small_amethyst_bud":1,"minecraft:tripwire":2,"minecraft:red_bed":6,"minecraft:smoker":1,"minecraft:amethyst_cluster":20,"minecraft:blast_furnace":2,"minecraft:dead_bush":8,"minecraft:sugar_cane":11,"minecraft:damaged_anvil":1,"minecraft:amethyst_block":10,"mca:cross_headstone":1,"minecraft:stone_brick_stairs":2,"minecraft:grass":144,"minecraft:dark_oak_sapling":1,"minecraft:smooth_basalt":12,"twilightforest:canopy_log":75,"minecraft:deepslate":571,"evilcraft:hardened_blood":29,"minecraft:infested_deepslate":1,"twilightforest:firefly":1,"minecraft:deepslate_tiles":6,"iceandfire:silver_ore":2,"evilcraft:dark_tank":1,"tetra:block_geode":2,"minecraft:dark_oak_log":308,"minecraft:birch_fence_gate":2,"minecraft:allium":1,"iceandfire:deepslate_silver_ore":2,"farmersdelight:wild_cabbages":1,"minecraft:moss_block":14,"twilightforest:mazestone_mosaic":4,"minecraft:andesite":17,"ironchest:iron_chest":2,"minecraft:smithing_table":2,"minecraft:dandelion":11,"twilightforest:mazestone_brick":2,"vampirism:coffin_white":2,"minecraft:campfire":4,"twilightforest:nagastone":5,"minecraft:tall_grass":30,"minecraft:copper_ore":56,"minecraft:deepslate_gold_ore":8,"minecraft:diorite":7,"minecraft:coarse_dirt":1,"minecraft:trapped_chest":2,"tetra:basic_workbench":2,"minecraft:spruce_log":3,"minecraft:birch_leaves":6,"minecraft:gravel":51,"minecraft:sunflower":11,"minecraft:cobweb":4,"minecraft:stone_bricks":15,"minecraft:gold_ore":9,"minecraft:fern":3,"minecraft:infested_stone":2,"minecraft:spruce_planks":6,"minecraft:cobblestone_stairs":3,"minecraft:spruce_trapdoor":2,"minecraft:cave_vines_plant":2,"minecraft:budding_amethyst":2,"minecraft:grass_block":228,"twilightforest:decorative_mazestone":25,"twilightforest:mazestone":1,"minecraft:iron_ore":158,"minecraft:azure_bluet":2,"minecraft:iron_bars":75,"minecraft:azalea":3,"minecraft:deepslate_redstone_ore":2,"minecraft:cyan_terracotta":14,"minecraft:blackstone":1,"minecraft:clay":35,"minecraft:light_gray_terracotta":31,"vampirism:blood_grinder":2,"minecraft:calcite":13,"minecraft:poppy":4,"minecraft:chest":35,"twilightforest:twilight_oak_log":9,"minecraft:nether_quartz_ore":43,"minecraft:cobblestone":34,"minecraft:oak_planks":5,"minecraft:wall_torch":2,"minecraft:seagrass":2,"minecraft:warped_nylium":4,"evilcraft:dark_ore_deepslate":4,"minecraft:birch_log":279,"minecraft:orange_tulip":17,"minecraft:tnt":17,"minecraft:smooth_stone_slab":5,"minecraft:oak_log":185,"minecraft:sand":53,"minecraft:dirt":100,"minecraft:tripwire_hook":1,"minecraft:netherrack":642,"minecraft:ancient_debris":6,"minecraft:oak_leaves":16,"minecraft:diamond_ore":61,"minecraft:tuff":64,"minecraft:dark_oak_leaves":1,"minecraft:deepslate_diamond_ore":79,"gravestone:gravestone":7,"minecraft:soul_campfire":2,"minecraft:birch_slab":1,"twilightforest:nagastone_head":4,"minecraft:sandstone":3,"minecraft:hay_block":23,"evilcraft:sanguinary_pedestal_0":1,"minecraft:oak_trapdoor":2,"minecraft:furnace":2,"twilightforest:mangrove_fence":1,"evilcraft:dark_ore":25,"evilcraft:purifier":1,"minecraft:peony":1,"minecraft:bookshelf":88,"minecraft:deepslate_iron_ore":13,"minecraft:stone":1182,"minecraft:white_tulip":7,"evilcraft:undead_sapling":6,"minecraft:podzol":1,"minecraft:oak_fence":3,"minecraft:crafting_table":8,"minecraft:andesite_wall":1,"minecraft:deepslate_coal_ore":1,"minecraft:lapis_ore":11,"minecraft:lily_pad":2,"twilightforest:mayapple":1,"minecraft:birch_planks":6,"minecraft:yellow_bed":3,"minecraft:coal_ore":39,"evilcraft:undead_log":76,"minecraft:cyan_carpet":20,"minecraft:cracked_stone_bricks":5,"minecraft:mossy_stone_bricks":11,"paraglider:goddess_statue":1,"minecraft:birch_fence":28},"minecraft:picked_up":{"minecraft:iron_chestplate":1,"minecraft:smithing_table":2,"twilightforest:naga_trophy":1,"minecraft:oak_stairs":1,"minecraft:enchanted_book":1,"minecraft:golden_sword":1,"minecraft:amethyst_block":8,"paraglider:goddess_statue":1,"minecraft:string":32,"minecraft:soul_soil":2,"twilightforest:steeleaf_ingot":21,"minecraft:diamond_leggings":1,"minecraft:cobbled_deepslate":571,"minecraft:gold_nugget":1,"minecraft:spruce_planks":7,"iceandfire:silver_ore":2,"twilightforest:cracked_etched_nagastone":1,"minecraft:golden_axe":2,"vampirism:blood_bottle":3,"minecraft:red_tulip":1,"minecraft:cyan_terracotta":14,"vampirism:blood_grinder":2,"minecraft:blaze_rod":2,"minecraft:iron_bars":83,"alexsmobs:flying_fish":1,"twilightforest:steeleaf_boots":1,"minecraft:birch_log":276,"minecraft:magma_block":2,"minecraft:feather":2,"minecraft:water_bucket":1,"minecraft:birch_slab":1,"minecraft:brown_wool":6,"minecraft:smoker":1,"minecraft:flint":6,"minecraft:map":1,"tombstone:familiar_receptacle":1,"twilightforest:canopy_sapling":28,"twilightforest:mangrove_chest":1,"twilightforest:steeleaf_helmet":2,"minecraft:moss_block":19,"twilightforest:mazestone_brick":63,"betteranimalsplus:pheasantraw":1,"minecraft:birch_fence_gate":2,"twilightforest:canopy_log":66,"minecraft:ink_sac":3,"twilightforest:mangrove_fence":1,"minecraft:fermented_spider_eye":2,"minecraft:dark_oak_log":291,"twilightforest:charm_of_keeping_1":3,"minecraft:writable_book":1,"minecraft:diamond_pickaxe":1,"minecraft:coarse_dirt":1,"minecraft:crafting_table":10,"twilightforest:cooked_meef":3,"minecraft:clay_ball":140,"minecraft:golden_pickaxe":1,"minecraft:leather_leggings":1,"minecraft:heavy_weighted_pressure_plate":7,"minecraft:red_bed":6,"evilcraft:poison_sac":7,"minecraft:iron_shovel":1,"minecraft:cracked_stone_bricks":5,"minecraft:beef":10,"minecraft:poppy":6,"minecraft:chest":36,"minecraft:birch_sapling":80,"minecraft:egg":8,"minecraft:copper_ore":1,"minecraft:sandstone":3,"twilightforest:red_thread":27,"ironchest:iron_chest":3,"minecraft:carrot":1,"minecraft:redstone":8,"twilightforest:firefly":19,"minecraft:tnt":35,"twilightforest:mazestone":1,"minecraft:peony":1,"minecraft:hay_block":23,"minecraft:gold_ingot":6,"evilcraft:purifier":1,"minecraft:glow_berries":4,"minecraft:mutton":47,"minecraft:rail":16,"minecraft:white_wool":15,"vampirism:vampire_blood_bottle":2,"minecraft:tripwire_hook":2,"minecraft:red_mushroom":10,"minecraft:oak_log":189,"minecraft:lily_pad":3,"minecraft:ancient_debris":12,"minecraft:paper":76,"minecraft:white_banner":1,"twilightforest:raw_venison":16,"minecraft:apple":11,"minecraft:stone_bricks":15,"alexsmobs:cockroach_wing_fragment":1,"tombstone:bag_of_seeds":3,"twilightforest:cracked_mazestone":3,"minecraft:smooth_basalt":12,"minecraft:milk_bucket":3,"minecraft:gravel":58,"minecraft:spruce_log":3,"minecraft:slime_ball":6,"tetra:geode":2,"twilightforest:raven_feather":2,"minecraft:painting":11,"minecraft:warped_roots":6,"minecraft:baked_potato":10,"minecraft:melon_seeds":3,"minecraft:ender_pearl":3,"vampirism:coffin_white":2,"minecraft:wheat":2,"minecraft:ender_chest":1,"minecraft:potion":6,"minecraft:stone_brick_stairs":2,"evilcraft:ender_tear":2,"minecraft:raw_copper":221,"minecraft:smooth_stone_slab":9,"minecraft:iron_leggings":1,"minecraft:deepslate_tiles":5,"minecraft:white_tulip":7,"twilightforest:mazebreaker_pickaxe":2,"minecraft:calcite":13,"minecraft:azalea":4,"minecraft:furnace":2,"twilightforest:filled_maze_map":2,"minecraft:blue_wool":2,"minecraft:stick":195,"minecraft:oak_fence":9,"tetra:holo":1,"minecraft:torch":3,"minecraft:porkchop":64,"minecraft:diorite":4,"tombstone:grave_dust":16,"vampirism:vampire_fang":8,"minecraft:andesite_wall":2,"minecraft:rotten_flesh":92,"minecraft:obsidian":11,"betteranimalsplus:goose_egg":2,"minecraft:cobblestone":1250,"tombstone:soul_receptacle":1,"minecraft:magma_cream":1,"twilightforest:twilight_oak_log":9,"minecraft:andesite":12,"minecraft:potato":1,"alexsmobs:bear_fur":1,"paraglider:spirit_orb":14,"minecraft:tuff":61,"evilcraft:flesh_humanoid":10,"twilightforest:mossy_mazestone":2,"minecraft:dirt":362,"minecraft:lapis_lazuli":123,"minecraft:bone":41,"minecraft:orange_tulip":18,"minecraft:wheat_seeds":21,"minecraft:raw_gold":20,"minecraft:mossy_stone_bricks":11,"minecraft:fletching_table":2,"twilightforest:decorative_mazestone":57,"minecraft:oak_planks":9,"minecraft:oak_pressure_plate":48,"evilcraft:dark_gem_crushed":44,"minecraft:sand":51,"evilcraft:sanguinary_pedestal_0":1,"minecraft:grass_block":1,"minecraft:dead_bush":25,"minecraft:orange_wool":1,"minecraft:light_gray_terracotta":35,"minecraft:sugar":5,"minecraft:clay":2,"twilightforest:twilight_oak_sapling":13,"minecraft:diamond":198,"minecraft:spruce_boat":1,"waystones:waystone":2,"minecraft:golden_apple":2,"minecraft:oak_sapling":91,"minecraft:netherrack":864,"twilightforest:torchberries":7,"minecraft:charcoal":8,"minecraft:ladder":10,"minecraft:azure_bluet":2,"evilcraft:undead_sapling":7,"minecraft:chicken":2,"evilcraft:dark_power_gem":7,"minecraft:chest_minecart":1,"minecraft:brown_mushroom":4,"minecraft:pink_wool":1,"twilightforest:nagastone":1,"minecraft:oak_trapdoor":2,"minecraft:moss_carpet":21,"minecraft:wooden_sword":1,"minecraft:birch_fence":29,"minecraft:magenta_wool":1,"minecraft:cyan_carpet":20,"twilightforest:nagastone_head":1,"minecraft:oak_boat":5,"minecraft:light_gray_wool":1,"evilcraft:hardened_blood_shard":40,"minecraft:sugar_cane":21,"minecraft:spruce_trapdoor":2,"minecraft:phantom_membrane":1,"minecraft:dark_oak_sapling":22,"minecraft:raw_iron":245,"minecraft:copper_ingot":6,"tombstone:scroll_of_purification":1,"twilightforest:raw_meef":18,"minecraft:dark_oak_planks":3,"minecraft:arrow":52,"iceandfire:cyclops_eye":1,"twilightforest:mazestone_mosaic":29,"minecraft:glistering_melon_slice":6,"iceandfire:deepslate_silver_ore":2,"betteranimalsplus:wolf_pelt_snowy":4,"minecraft:glow_ink_sac":3,"minecraft:leather":54,"twilightforest:steeleaf_leggings":4,"twilightforest:ironwood_chestplate":3,"minecraft:birch_planks":14,"minecraft:mushroom_stew":7,"twilightforest:maze_wafer":100,"iceandfire:ectoplasm":1,"minecraft:yellow_bed":4,"minecraft:gunpowder":6,"minecraft:cobblestone_stairs":2,"twilightforest:twilight_oak_planks":4,"minecraft:red_carpet":1,"vampirism:human_heart":2,"twilightforest:ironwood_ingot":13,"minecraft:iron_ingot":15,"twilightforest:transformation_powder":10,"minecraft:book":265,"minecraft:black_candle":1,"evilcraft:undead_log":76,"minecraft:emerald_block":2,"minecraft:quartz":68,"minecraft:dandelion":12,"minecraft:amethyst_shard":40,"minecraft:blast_furnace":2,"minecraft:white_bed":6,"minecraft:gold_ore":1,"minecraft:spider_eye":7,"evilcraft:dark_tank":1,"evilcraft:dark_gem":164,"tombstone:magic_scroll":1,"minecraft:damaged_anvil":1,"minecraft:black_wool":1,"minecraft:coal":73,"minecraft:sunflower":11},"minecraft:custom":{"minecraft:interact_with_crafting_table":133,"minecraft:open_barrel":13,"goblintraders:trade_with_goblin":127,"minecraft:eat_cake_slice":4,"minecraft:leave_game":17,"minecraft:time_since_death":42530,"minecraft:play_time":991919,"minecraft:deaths":55,"minecraft:jump":16033,"tombstone:kill_undead_boss":1,"minecraft:enchant_item":7,"minecraft:interact_with_furnace":58,"minecraft:traded_with_villager":58,"minecraft:sleep_in_bed":20,"minecraft:waystone_activated":1,"tombstone:sneak_grave":1,"minecraft:damage_dealt":62406,"tombstone:undead_killed":101,"minecraft:interact_with_smoker":2,"minecraft:interact_with_smithing_table":2,"minecraft:interact_with_anvil":1,"twilightforest:keeping_charms_activated":4,"minecraft:sneak_time":15287,"minecraft:total_world_time":991919,"tombstone:raider_killed":22,"minecraft:time_since_rest":32100,"tombstone:cast_on_ally":0,"minecraft:swim_one_cm":245395,"minecraft:fly_one_cm":3951910,"minecraft:open_chest":763,"minecraft:fall_one_cm":473980,"minecraft:sprint_one_cm":3060083,"minecraft:drop":166,"minecraft:walk_on_water_one_cm":88273,"minecraft:open_enderchest":21,"minecraft:player_kills":1,"minecraft:crouch_one_cm":40874,"tombstone:villager_killed":1,"minecraft:mob_kills":357,"minecraft:damage_dealt_resisted":1338,"minecraft:climb_one_cm":24162,"minecraft:walk_one_cm":1385222,"minecraft:walk_under_water_one_cm":54636,"minecraft:boat_one_cm":378605,"minecraft:damage_taken":1527218,"minecraft:damage_absorbed":161,"minecraft:trigger_trapped_chest":3},"minecraft:killed_by":{"twilightforest:death_tome":1,"twilightforest:minotaur":9,"minecraft:zombie":6,"twilightforest:hydra":1,"minecraft:enderman":2,"twilightforest:fire_beetle":1,"minecraft:iron_golem":1,"minecraft:skeleton":3},"minecraft:broken":{"minecraft:diamond_helmet":1,"twilightforest:ore_magnet":1,"twilightforest:steeleaf_boots":1,"minecraft:iron_axe":1,"twilightforest:steeleaf_leggings":1,"twilightforest:steeleaf_helmet":1,"minecraft:leather_leggings":1,"minecraft:diamond_boots":1},"minecraft:dropped":{"minecraft:porkchop":12,"minecraft:oak_pressure_plate":48,"minecraft:glass_bottle":1,"minecraft:diamond":1,"minecraft:warped_roots":1,"twilightforest:cooked_meef":4,"twilightforest:maze_wafer":31,"minecraft:red_mushroom":7,"twilightforest:mazebreaker_pickaxe":2,"minecraft:dirt":30,"twilightforest:meef_stroganoff":1,"minecraft:white_wool":1,"twilightforest:decorative_mazestone":50,"minecraft:rotten_flesh":16,"minecraft:azure_bluet":2,"evilcraft:flesh_humanoid":13,"minecraft:heavy_weighted_pressure_plate":2,"twilightforest:filled_maze_map":2,"twilightforest:steeleaf_ingot":20,"twilightforest:maze_map_focus":1,"minecraft:egg":1,"minecraft:wheat_seeds":5,"minecraft:oak_fence":9,"minecraft:cobblestone":3,"twilightforest:ironwood_ingot":1,"twilightforest:ironwood_chestplate":1,"minecraft:coal":6,"minecraft:iron_shovel":1,"minecraft:paper":20,"minecraft:string":5,"minecraft:lily_pad":1,"minecraft:moss_carpet":7,"minecraft:smooth_stone_slab":5,"minecraft:bowl":1,"twilightforest:steeleaf_sword":1,"minecraft:chicken":4,"alexsmobs:cockroach_wing_fragment":1,"minecraft:spruce_planks":4,"twilightforest:raw_meef":2,"minecraft:black_wool":1,"minecraft:birch_planks":2,"twilightforest:mazestone_brick":54,"minecraft:oak_log":26,"minecraft:leather":17,"minecraft:mutton":2,"twilightforest:cracked_etched_nagastone":1,"minecraft:gravel":22,"twilightforest:cracked_mazestone":3,"vampirism:blood_bottle":1,"twilightforest:steeleaf_leggings":5,"minecraft:chest":8,"minecraft:iron_bars":28,"minecraft:netherrack":92,"twilightforest:mangrove_chest":1,"twilightforest:steeleaf_helmet":3,"minecraft:diamond_leggings":2,"minecraft:golden_axe":2,"evilcraft:dark_gem":19,"twilightforest:mazestone_mosaic":26,"minecraft:stick":1,"twilightforest:steeleaf_boots":1,"minecraft:tripwire_hook":1,"minecraft:dandelion":2,"minecraft:light_gray_terracotta":5,"minecraft:diamond_chestplate":1,"minecraft:iron_chestplate":2,"evilcraft:ender_tear":1,"minecraft:oak_sapling":21,"minecraft:slime_ball":1,"minecraft:magma_cream":1,"twilightforest:mossy_mazestone":1},"minecraft:killed":{"vampirism:vampire":20,"minecraft:cave_spider":6,"vampirism:advanced_vampire":3,"twilightforest:maze_slime":1,"minecraft:skeleton":28,"vampirism:blinding_bat":4,"twilightforest:lich":1,"twilightforest:pinch_beetle":5,"minecraft:chicken":2,"cnb:sporeling":1,"minecraft:iron_golem":1,"minecraft:pillager":3,"minecraft:zombie":72,"mca:male_villager":1,"minecraft:glow_squid":1,"minecraft:cow":5,"mca:female_zombie_villager":1,"twilightforest:death_tome":4,"iceandfire:cyclops":1,"twilightforest:kobold":1,"evilcraft:poisonous_libelle":7,"iceandfire:ghost":1,"minecraft:enderman":14,"minecraft:witch":1,"minecraft:spider":20,"minecraft:silverfish":1,"twilightforest:minotaur":25,"minecraft:wolf":2,"twilightforest:slime_beetle":3,"alexsmobs:grizzly_bear":1,"twilightforest:raven":2,"minecraft:creeper":3,"twilightforest:skeleton_druid":5,"vampirism:hunter":2,"minecraft:sheep":10,"twilightforest:redcap":1,"twilightforest:fire_beetle":2,"twilightforest:naga":2,"alexsmobs:flying_fish":1,"alexsmobs:skunk":1,"minecraft:squid":1,"alexsmobs:cockroach":1}},"DataVersion":3120}