{"stats":{"minecraft:killed":{"vampirism:vampire":4,"minecraft:cave_spider":5,"vampirism:advanced_vampire":3,"minecraft:spider":10,"twilightforest:maze_slime":1,"minecraft:skeleton":16,"twilightforest:pinch_beetle":4,"twilightforest:lich":1,"minecraft:chicken":2,"twilightforest:minotaur":24,"twilightforest:slime_beetle":3,"alexsmobs:grizzly_bear":1,"minecraft:iron_golem":1,"minecraft:creeper":1,"twilightforest:skeleton_druid":3,"vampirism:hunter":2,"minecraft:sheep":10,"minecraft:pillager":3,"minecraft:zombie":36,"mca:male_villager":1,"minecraft:glow_squid":1,"minecraft:cow":5,"mca:female_zombie_villager":1,"twilightforest:fire_beetle":1,"twilightforest:naga":1,"twilightforest:death_tome":2,"alexsmobs:flying_fish":1,"alexsmobs:skunk":1,"twilightforest:kobold":1,"minecraft:squid":1,"alexsmobs:cockroach":1,"iceandfire:ghost":1,"minecraft:enderman":5},"minecraft:used":{"minecraft:moss_carpet":7,"minecraft:iron_shovel":17,"minecraft:poppy":2,"minecraft:chest":8,"minecraft:iron_sword":299,"vampirism:blood_container":1,"minecraft:rotten_flesh":4,"minecraft:mutton":7,"twilightforest:mangrove_fence":1,"minecraft:tuff":23,"minecraft:milk_bucket":2,"minecraft:spruce_boat":1,"minecraft:cyan_terracotta":11,"minecraft:lava_bucket":12,"minecraft:birch_sapling":1,"minecraft:pink_wool":1,"twilightforest:nagastone":1,"minecraft:red_carpet":1,"minecraft:hay_block":2,"minecraft:furnace":5,"minecraft:potato":4,"minecraft:dark_oak_sapling":1,"minecraft:diorite":4,"minecraft:stone_pickaxe":33,"minecraft:oak_planks":6,"minecraft:orange_tulip":10,"minecraft:wooden_pickaxe":31,"vampirism:human_heart":2,"minecraft:clay":2,"minecraft:cookie":5,"minecraft:golden_apple":3,"minecraft:glow_berries":28,"evilcraft:undead_sapling":11,"minecraft:light_gray_terracotta":14,"tetra:modular_double":222,"minecraft:shears":8,"twilightforest:ironwood_pickaxe":57,"minecraft:birch_fence":28,"waystones:waystone":1,"twilightforest:diamond_minotaur_axe":12,"minecraft:birch_fence_gate":2,"twilightforest:maze_wafer":2,"minecraft:bread":63,"minecraft:cyan_carpet":20,"tombstone:grave_key":1,"minecraft:gravel":30,"minecraft:diamond_sword":308,"minecraft:wooden_sword":12,"twilightforest:meef_stroganoff":1,"minecraft:andesite":6,"minecraft:oak_boat":6,"minecraft:coarse_dirt":1,"minecraft:bone_meal":9,"evilcraft:sanguinary_pedestal_0":1,"minecraft:azalea":1,"minecraft:stone_sword":1,"minecraft:flint_and_steel":1,"minecraft:torch":1,"iceandfire:silver_ore":2,"minecraft:dirt":116,"tetra:modular_sword":245,"minecraft:iron_hoe":23,"minecraft:dark_oak_planks":2,"minecraft:iron_axe":379,"minecraft:beef":8,"minecraft:magenta_wool":1,"tombstone:gift":14,"minecraft:cooked_beef":3,"minecraft:cobbled_deepslate":17,"minecraft:wheat_seeds":2,"minecraft:cooked_mutton":4,"twilightforest:steeleaf_pickaxe":4,"minecraft:water_bucket":58,"twilightforest:mazestone_brick":2,"minecraft:baked_potato":10,"evilcraft:blood_infuser":1,"minecraft:fletching_table":2,"vampirism:blood_grinder":3,"twilightforest:twilight_oak_sapling":2,"minecraft:crafting_table":13,"minecraft:red_bed":3,"minecraft:white_bed":5,"minecraft:cod":3,"minecraft:painting":1,"minecraft:smoker":1,"tombstone:bag_of_seeds":4,"alexsmobs:flying_fish":1,"minecraft:diamond_pickaxe":416,"minecraft:diamond_shovel":255,"minecraft:iron_pickaxe":181,"twilightforest:nagastone_head":1,"minecraft:cobblestone":158,"minecraft:potion":4,"evilcraft:dark_tank":1,"minecraft:cooked_porkchop":2,"minecraft:bucket":72,"minecraft:black_candle":1,"minecraft:yellow_bed":2,"twilightforest:decorative_mazestone":1},"minecraft:killed_by":{"twilightforest:death_tome":1,"twilightforest:minotaur":7,"minecraft:zombie":2,"twilightforest:fire_beetle":1,"minecraft:iron_golem":1,"minecraft:skeleton":3},"minecraft:dropped":{"twilightforest:mazestone_brick":7,"minecraft:glass_bottle":1,"minecraft:diamond":1,"twilightforest:cooked_meef":4,"minecraft:red_mushroom":7,"minecraft:dirt":4,"minecraft:mutton":2,"twilightforest:meef_stroganoff":1,"twilightforest:cracked_etched_nagastone":1,"twilightforest:decorative_mazestone":1,"minecraft:gravel":22,"twilightforest:cracked_mazestone":3,"minecraft:rotten_flesh":6,"vampirism:blood_bottle":1,"twilightforest:steeleaf_leggings":4,"evilcraft:flesh_humanoid":13,"twilightforest:filled_maze_map":2,"minecraft:iron_bars":16,"twilightforest:steeleaf_ingot":16,"twilightforest:maze_map_focus":1,"twilightforest:mangrove_chest":1,"minecraft:wheat_seeds":2,"twilightforest:steeleaf_helmet":3,"minecraft:diamond_leggings":2,"minecraft:oak_fence":9,"minecraft:golden_axe":1,"minecraft:cobblestone":2,"twilightforest:ironwood_ingot":1,"evilcraft:dark_gem":8,"twilightforest:ironwood_chestplate":1,"minecraft:coal":5,"minecraft:paper":8,"minecraft:string":3,"minecraft:moss_carpet":7,"minecraft:bowl":1,"minecraft:diamond_chestplate":1,"alexsmobs:cockroach_wing_fragment":1,"minecraft:iron_chestplate":2,"minecraft:slime_ball":1,"twilightforest:mossy_mazestone":1},"minecraft:picked_up":{"minecraft:iron_chestplate":1,"minecraft:wheat":2,"minecraft:smithing_table":1,"minecraft:potion":1,"minecraft:string":20,"minecraft:raw_copper":24,"minecraft:smooth_stone_slab":4,"twilightforest:steeleaf_ingot":20,"minecraft:diamond_leggings":1,"minecraft:gold_nugget":1,"minecraft:cobbled_deepslate":119,"minecraft:spruce_planks":1,"minecraft:white_tulip":6,"minecraft:azalea":4,"twilightforest:filled_maze_map":2,"minecraft:furnace":2,"minecraft:stick":96,"minecraft:oak_fence":9,"tetra:holo":1,"minecraft:torch":2,"iceandfire:silver_ore":2,"twilightforest:cracked_etched_nagastone":1,"minecraft:porkchop":8,"minecraft:golden_axe":1,"vampirism:vampire_fang":1,"tombstone:grave_dust":11,"minecraft:diorite":4,"vampirism:blood_bottle":2,"minecraft:rotten_flesh":45,"minecraft:red_tulip":1,"minecraft:cyan_terracotta":11,"vampirism:blood_grinder":2,"minecraft:blaze_rod":2,"minecraft:obsidian":1,"minecraft:iron_bars":69,"betteranimalsplus:goose_egg":2,"alexsmobs:flying_fish":1,"minecraft:cobblestone":410,"twilightforest:steeleaf_boots":1,"minecraft:birch_log":213,"tombstone:soul_receptacle":1,"minecraft:feather":2,"minecraft:andesite":12,"minecraft:brown_wool":4,"minecraft:smoker":1,"minecraft:potato":1,"alexsmobs:bear_fur":1,"paraglider:spirit_orb":8,"minecraft:flint":6,"minecraft:tuff":27,"twilightforest:mossy_mazestone":2,"evilcraft:flesh_humanoid":10,"minecraft:dirt":260,"minecraft:lapis_lazuli":65,"tombstone:familiar_receptacle":1,"twilightforest:canopy_sapling":1,"minecraft:bone":24,"minecraft:orange_tulip":18,"minecraft:wheat_seeds":12,"minecraft:raw_gold":9,"twilightforest:mangrove_chest":1,"twilightforest:steeleaf_helmet":2,"minecraft:fletching_table":1,"twilightforest:decorative_mazestone":2,"minecraft:moss_block":8,"minecraft:oak_planks":9,"twilightforest:mazestone_brick":14,"betteranimalsplus:pheasantraw":1,"minecraft:sand":51,"twilightforest:mangrove_fence":1,"minecraft:ink_sac":3,"minecraft:dead_bush":7,"minecraft:dark_oak_log":5,"minecraft:light_gray_terracotta":21,"twilightforest:charm_of_keeping_1":3,"minecraft:clay":2,"twilightforest:twilight_oak_sapling":11,"minecraft:diamond":45,"minecraft:spruce_boat":1,"waystones:waystone":1,"minecraft:golden_apple":1,"minecraft:oak_sapling":43,"twilightforest:torchberries":4,"minecraft:coarse_dirt":1,"minecraft:crafting_table":9,"twilightforest:cooked_meef":3,"evilcraft:dark_power_gem":1,"minecraft:chicken":2,"evilcraft:undead_sapling":4,"minecraft:clay_ball":88,"minecraft:chest_minecart":1,"minecraft:brown_mushroom":4,"minecraft:pink_wool":1,"twilightforest:nagastone":1,"minecraft:red_bed":6,"minecraft:moss_carpet":21,"minecraft:birch_fence":2,"minecraft:magenta_wool":1,"minecraft:cyan_carpet":20,"twilightforest:nagastone_head":1,"minecraft:beef":10,"minecraft:oak_boat":5,"minecraft:light_gray_wool":1,"minecraft:poppy":4,"evilcraft:hardened_blood_shard":40,"minecraft:sugar_cane":21,"minecraft:chest":15,"minecraft:birch_sapling":62,"minecraft:phantom_membrane":1,"minecraft:copper_ore":1,"minecraft:egg":6,"minecraft:dark_oak_sapling":1,"minecraft:raw_iron":71,"minecraft:sandstone":3,"twilightforest:red_thread":27,"minecraft:copper_ingot":6,"minecraft:redstone":8,"twilightforest:firefly":18,"twilightforest:raw_meef":16,"tombstone:scroll_of_purification":1,"minecraft:dark_oak_planks":2,"minecraft:tnt":3,"minecraft:arrow":42,"minecraft:peony":1,"minecraft:hay_block":23,"iceandfire:deepslate_silver_ore":2,"minecraft:glow_berries":4,"minecraft:mutton":29,"minecraft:white_wool":11,"minecraft:rail":16,"vampirism:vampire_blood_bottle":2,"minecraft:tripwire_hook":1,"minecraft:glow_ink_sac":3,"minecraft:leather":25,"twilightforest:steeleaf_leggings":4,"minecraft:red_mushroom":10,"twilightforest:ironwood_chestplate":3,"minecraft:birch_planks":8,"minecraft:mushroom_stew":7,"twilightforest:maze_wafer":89,"minecraft:oak_log":116,"iceandfire:ectoplasm":1,"minecraft:yellow_bed":2,"minecraft:gunpowder":1,"minecraft:paper":38,"minecraft:white_banner":1,"twilightforest:raw_venison":6,"minecraft:red_carpet":1,"vampirism:human_heart":2,"minecraft:apple":2,"twilightforest:ironwood_ingot":8,"alexsmobs:cockroach_wing_fragment":1,"minecraft:iron_ingot":15,"tombstone:bag_of_seeds":2,"twilightforest:cracked_mazestone":3,"minecraft:black_candle":1,"minecraft:milk_bucket":2,"minecraft:dandelion":9,"minecraft:gravel":57,"minecraft:white_bed":5,"minecraft:spruce_log":3,"minecraft:gold_ore":1,"minecraft:spider_eye":1,"minecraft:slime_ball":6,"tetra:geode":2,"evilcraft:dark_gem":32,"minecraft:painting":11,"minecraft:baked_potato":10,"minecraft:melon_seeds":3,"minecraft:coal":65,"minecraft:ender_pearl":1,"minecraft:sunflower":11},"minecraft:broken":{"minecraft:diamond_helmet":1,"minecraft:diamond_boots":1,"minecraft:iron_axe":1},"minecraft:custom":{"minecraft:interact_with_crafting_table":79,"minecraft:open_barrel":9,"goblintraders:trade_with_goblin":55,"minecraft:eat_cake_slice":4,"minecraft:leave_game":10,"minecraft:time_since_death":606,"minecraft:sprint_one_cm":1884226,"minecraft:drop":91,"minecraft:play_time":581564,"minecraft:deaths":41,"minecraft:jump":10984,"tombstone:kill_undead_boss":1,"minecraft:walk_on_water_one_cm":72197,"minecraft:interact_with_furnace":40,"minecraft:sleep_in_bed":12,"minecraft:waystone_activated":1,"tombstone:sneak_grave":1,"minecraft:damage_dealt":39266,"minecraft:player_kills":1,"minecraft:crouch_one_cm":17717,"tombstone:undead_killed":51,"tombstone:villager_killed":1,"minecraft:interact_with_smoker":2,"minecraft:interact_with_smithing_table":1,"minecraft:mob_kills":190,"minecraft:interact_with_anvil":1,"minecraft:damage_dealt_resisted":549,"minecraft:climb_one_cm":14550,"minecraft:walk_one_cm":800983,"twilightforest:keeping_charms_activated":4,"minecraft:sneak_time":6939,"minecraft:walk_under_water_one_cm":51136,"minecraft:boat_one_cm":378605,"minecraft:total_world_time":581564,"tombstone:raider_killed":3,"minecraft:time_since_rest":449,"minecraft:damage_taken":718653,"minecraft:damage_absorbed":121,"minecraft:trigger_trapped_chest":1,"tombstone:cast_on_ally":0,"minecraft:swim_one_cm":168330,"minecraft:fly_one_cm":2746106,"minecraft:open_chest":328,"minecraft:fall_one_cm":372527},"minecraft:mined":{"minecraft:dark_oak_planks":2,"twilightforest:cracked_etched_nagastone":1,"minecraft:white_bed":5,"minecraft:cobblestone_stairs":1,"minecraft:obsidian":2,"minecraft:granite":11,"minecraft:cave_vines_plant":1,"minecraft:grass_block":188,"minecraft:spawner":5,"minecraft:iron_ore":58,"minecraft:moss_carpet":7,"minecraft:deepslate_lapis_ore":4,"minecraft:fletching_table":1,"minecraft:cave_vines":6,"minecraft:iron_bars":61,"minecraft:azalea":3,"minecraft:tripwire":2,"minecraft:deepslate_redstone_ore":2,"minecraft:red_bed":6,"minecraft:cyan_terracotta":11,"minecraft:blackstone":1,"minecraft:smoker":1,"minecraft:clay":22,"minecraft:light_gray_terracotta":19,"vampirism:blood_grinder":2,"minecraft:poppy":2,"minecraft:chest":21,"minecraft:dead_bush":7,"minecraft:cobblestone":10,"minecraft:oak_planks":5,"minecraft:sugar_cane":11,"minecraft:wall_torch":1,"mca:cross_headstone":1,"minecraft:seagrass":2,"minecraft:birch_log":208,"evilcraft:dark_ore_deepslate":4,"minecraft:orange_tulip":17,"minecraft:smooth_stone_slab":2,"minecraft:grass":107,"minecraft:oak_log":111,"minecraft:sand":53,"minecraft:dirt":50,"minecraft:tripwire_hook":1,"minecraft:oak_leaves":16,"minecraft:deepslate":116,"evilcraft:hardened_blood":14,"minecraft:diamond_ore":17,"minecraft:tuff":30,"iceandfire:silver_ore":2,"minecraft:dark_oak_leaves":1,"minecraft:deepslate_diamond_ore":30,"tetra:block_geode":2,"minecraft:dark_oak_log":5,"gravestone:gravestone":7,"minecraft:allium":1,"iceandfire:deepslate_silver_ore":2,"farmersdelight:wild_cabbages":1,"minecraft:moss_block":2,"minecraft:sandstone":3,"twilightforest:nagastone_head":1,"minecraft:hay_block":23,"minecraft:furnace":2,"twilightforest:mangrove_fence":1,"minecraft:andesite":17,"evilcraft:dark_ore":2,"minecraft:peony":1,"minecraft:deepslate_iron_ore":13,"minecraft:white_tulip":6,"minecraft:stone":378,"evilcraft:undead_sapling":3,"minecraft:podzol":1,"minecraft:smithing_table":1,"minecraft:dandelion":10,"minecraft:oak_fence":2,"minecraft:crafting_table":8,"twilightforest:nagastone":1,"minecraft:tall_grass":26,"minecraft:copper_ore":7,"minecraft:lapis_ore":5,"twilightforest:mayapple":1,"minecraft:diorite":7,"minecraft:coarse_dirt":1,"tetra:basic_workbench":1,"minecraft:spruce_log":3,"minecraft:birch_leaves":4,"minecraft:yellow_bed":2,"minecraft:coal_ore":36,"minecraft:cyan_carpet":20,"minecraft:gravel":50,"minecraft:sunflower":11,"minecraft:cobweb":4,"minecraft:gold_ore":9,"minecraft:birch_fence":1,"minecraft:fern":1},"minecraft:crafted":{"minecraft:oak_planks":336,"minecraft:diamond_shovel":1,"minecraft:cooked_mutton":3,"minecraft:hopper":1,"minecraft:glass":37,"minecraft:diamond_helmet":1,"minecraft:diamond_leggings":1,"minecraft:iron_boots":1,"evilcraft:blood_extractor":5,"minecraft:birch_fence_gate":2,"minecraft:chest":16,"vampirism:blood_grinder":1,"minecraft:glass_bottle":6,"sophisticatedbackpacks:backpack":1,"minecraft:crafting_table":5,"minecraft:spruce_planks":12,"minecraft:wooden_pickaxe":2,"minecraft:baked_potato":4,"minecraft:iron_helmet":1,"minecraft:copper_ingot":48,"minecraft:fletching_table":1,"minecraft:birch_planks":416,"twilightforest:ironwood_pickaxe":2,"minecraft:iron_chestplate":1,"minecraft:diamond_pickaxe":1,"sophisticatedbackpacks:diamond_backpack":1,"minecraft:birch_fence":48,"minecraft:stick":152,"minecraft:iron_ingot":65,"minecraft:iron_pickaxe":1,"minecraft:stone_sword":1,"minecraft:gold_ingot":14,"minecraft:shears":1,"evilcraft:dark_spike":48,"minecraft:wooden_sword":1,"minecraft:furnace":4,"mca:bouquet":1,"minecraft:bone_meal":9,"minecraft:flint_and_steel":1,"evilcraft:dark_block":1,"minecraft:iron_axe":2,"evilcraft:sanguinary_pedestal_0":1,"minecraft:iron_hoe":2,"minecraft:stone_pickaxe":1,"minecraft:diamond_boots":1,"minecraft:spruce_boat":1,"minecraft:dark_oak_planks":12,"tetra:modular_double":3,"sophisticatedbackpacks:iron_backpack":1,"minecraft:wheat":189,"minecraft:cooked_beef":2,"minecraft:diamond_sword":1,"evilcraft:dark_tank":1,"evilcraft:blood_infusion_core":1,"minecraft:iron_sword":2,"sophisticatedbackpacks:gold_backpack":1,"minecraft:bucket":1,"minecraft:bread":63,"minecraft:air":0,"minecraft:oak_boat":1,"evilcraft:blood_infuser":1,"minecraft:iron_leggings":1,"vampirism:blood_container":1,"minecraft:diamond_chestplate":1}},"DataVersion":3120}