{"stats":{"minecraft:killed":{"evilcraft:poisonous_libelle":1,"minecraft:pig":1},"minecraft:used":{"minecraft:apple":2,"minecraft:stone_sword":3,"minecraft:stone_pickaxe":7,"minecraft:poppy":1,"minecraft:oak_planks":1,"minecraft:spore_blossom":1,"minecraft:wooden_pickaxe":28,"minecraft:dirt":37,"minecraft:cobblestone":2,"minecraft:crafting_table":1,"minecraft:porkchop":2,"minecraft:oak_sapling":3,"tombstone:gift":1,"alexsmobs:animal_dictionary":3,"minecraft:egg":1},"minecraft:killed_by":{"minecraft:skeleton":1,"minecraft:zombie":1},"minecraft:picked_up":{"minecraft:porkchop":2,"minecraft:gravel":2,"minecraft:flint":2,"minecraft:oak_log":5,"minecraft:dirt":37,"minecraft:raw_copper":10,"evilcraft:poison_sac":1,"minecraft:arrow":2,"minecraft:spore_blossom":1,"minecraft:oak_boat":1,"minecraft:poppy":1,"minecraft:oak_sapling":3,"minecraft:birch_sapling":1,"minecraft:cobblestone":7,"minecraft:egg":1},"minecraft:mined":{"minecraft:spore_blossom":1,"minecraft:magma_block":2,"minecraft:birch_leaves":6,"minecraft:grass":1,"minecraft:grass_block":9,"minecraft:oak_log":6,"minecraft:poppy":1,"minecraft:gravel":1,"minecraft:dirt":4,"minecraft:copper_ore":2,"minecraft:cobblestone":2,"minecraft:stone":6,"minecraft:oak_leaves":4},"minecraft:custom":{"minecraft:time_since_rest":32968,"minecraft:interact_with_smithing_table":1,"minecraft:sprint_one_cm":970,"minecraft:damage_taken":750,"minecraft:walk_one_cm":216063,"minecraft:mob_kills":2,"minecraft:damage_dealt":149,"minecraft:interact_with_crafting_table":3,"minecraft:fly_one_cm":2983,"minecraft:open_barrel":1,"minecraft:open_chest":5,"minecraft:crouch_one_cm":468,"minecraft:play_time":77500,"minecraft:deaths":2,"minecraft:sneak_time":151,"minecraft:boat_one_cm":85519,"minecraft:jump":695,"minecraft:sleep_in_bed":4,"minecraft:walk_on_water_one_cm":1376,"minecraft:time_since_death":53886,"minecraft:climb_one_cm":3352,"minecraft:total_world_time":77500,"minecraft:fall_one_cm":10366},"minecraft:crafted":{"minecraft:oak_planks":20,"minecraft:crafting_table":1,"minecraft:stick":12,"minecraft:wooden_pickaxe":1,"minecraft:stone_pickaxe":1}},"DataVersion":3120}