{"stats":{"minecraft:used":{"minecraft:stone_pickaxe":3,"minecraft:poppy":1,"minecraft:oak_planks":1,"minecraft:wooden_pickaxe":28,"minecraft:dirt":37,"minecraft:oak_sapling":3,"tombstone:gift":1,"alexsmobs:animal_dictionary":3,"minecraft:egg":1},"minecraft:killed_by":{"minecraft:skeleton":1,"minecraft:zombie":1},"minecraft:picked_up":{"minecraft:gravel":2,"minecraft:flint":2,"minecraft:oak_log":5,"minecraft:dirt":37,"minecraft:raw_copper":10,"minecraft:oak_boat":1,"minecraft:poppy":1,"minecraft:oak_sapling":3,"minecraft:cobblestone":7,"minecraft:egg":1},"minecraft:mined":{"minecraft:grass":1,"minecraft:grass_block":9,"minecraft:oak_log":6,"minecraft:poppy":1,"minecraft:gravel":1,"minecraft:dirt":4,"minecraft:copper_ore":2,"minecraft:stone":6,"minecraft:oak_leaves":4},"minecraft:custom":{"minecraft:time_since_rest":0,"minecraft:sprint_one_cm":747,"minecraft:damage_taken":610,"minecraft:walk_one_cm":129507,"minecraft:damage_dealt":37,"minecraft:interact_with_crafting_table":2,"minecraft:fly_one_cm":1813,"minecraft:open_chest":3,"minecraft:play_time":41500,"minecraft:deaths":2,"minecraft:sneak_time":2,"minecraft:boat_one_cm":85519,"minecraft:jump":465,"minecraft:sleep_in_bed":2,"minecraft:walk_on_water_one_cm":1376,"minecraft:time_since_death":17886,"minecraft:total_world_time":41500,"minecraft:fall_one_cm":6984},"minecraft:crafted":{"minecraft:oak_planks":20,"minecraft:crafting_table":1,"minecraft:stick":12,"minecraft:wooden_pickaxe":1,"minecraft:stone_pickaxe":1}},"DataVersion":3120}