{"stats":{"minecraft:killed":{"evilcraft:poisonous_libelle":2,"minecraft:pig":1},"minecraft:used":{"iceandfire:deepslate_silver_ore":1,"minecraft:apple":3,"minecraft:stone_sword":4,"minecraft:bread":1,"minecraft:stone_pickaxe":9,"minecraft:poppy":1,"minecraft:oak_planks":1,"minecraft:spore_blossom":1,"minecraft:wooden_pickaxe":28,"minecraft:glow_berries":1,"minecraft:dirt":37,"minecraft:target":1,"minecraft:cobblestone":2,"minecraft:crafting_table":1,"minecraft:porkchop":2,"minecraft:oak_sapling":3,"tombstone:gift":1,"alexsmobs:animal_dictionary":3,"minecraft:egg":1},"minecraft:killed_by":{"minecraft:skeleton":1,"minecraft:zombie":3},"minecraft:dropped":{"minecraft:spider_eye":2},"minecraft:picked_up":{"minecraft:porkchop":2,"minecraft:gravel":2,"minecraft:flint":2,"minecraft:target":1,"minecraft:oak_log":5,"minecraft:spider_eye":2,"minecraft:dirt":37,"minecraft:raw_copper":14,"evilcraft:poison_sac":2,"minecraft:arrow":2,"minecraft:spore_blossom":1,"iceandfire:deepslate_silver_ore":1,"minecraft:oak_boat":1,"minecraft:poppy":1,"minecraft:oak_sapling":3,"minecraft:glow_berries":1,"minecraft:birch_sapling":1,"minecraft:cobblestone":7,"minecraft:egg":1},"minecraft:mined":{"minecraft:spore_blossom":1,"minecraft:magma_block":2,"minecraft:light_gray_stained_glass":1,"minecraft:birch_leaves":6,"minecraft:target":1,"minecraft:grass":1,"minecraft:grass_block":9,"minecraft:oak_log":6,"minecraft:poppy":1,"minecraft:gravel":1,"minecraft:dirt":4,"iceandfire:deepslate_silver_ore":1,"minecraft:copper_ore":2,"minecraft:cobblestone":2,"minecraft:stone":6,"minecraft:oak_leaves":4,"minecraft:wall_torch":1,"minecraft:deepslate_copper_ore":1},"minecraft:custom":{"minecraft:time_since_rest":4921,"minecraft:interact_with_smithing_table":1,"minecraft:inspect_dropper":1,"minecraft:sprint_one_cm":1068,"minecraft:damage_taken":1230,"minecraft:walk_one_cm":306163,"minecraft:mob_kills":3,"minecraft:drop":2,"minecraft:damage_dealt":162,"minecraft:interact_with_crafting_table":3,"minecraft:fly_one_cm":3604,"minecraft:open_barrel":3,"minecraft:open_chest":9,"minecraft:crouch_one_cm":661,"minecraft:play_time":191500,"minecraft:deaths":4,"minecraft:sneak_time":173,"minecraft:boat_one_cm":85519,"minecraft:jump":827,"minecraft:interact_with_stonecutter":1,"minecraft:sleep_in_bed":4,"minecraft:walk_on_water_one_cm":5607,"minecraft:time_since_death":0,"minecraft:climb_one_cm":6193,"minecraft:total_world_time":191500,"minecraft:fall_one_cm":12525},"minecraft:crafted":{"minecraft:oak_planks":20,"minecraft:crafting_table":1,"minecraft:stick":12,"minecraft:wooden_pickaxe":1,"minecraft:stone_pickaxe":1}},"DataVersion":3120}