{"stats":{"minecraft:used":{"minecraft:wooden_pickaxe":15},"minecraft:killed_by":{"minecraft:skeleton":1},"minecraft:picked_up":{"minecraft:gravel":2,"minecraft:flint":2,"minecraft:oak_log":5,"minecraft:oak_sapling":3,"minecraft:dirt":26,"minecraft:cobblestone":7},"minecraft:mined":{"minecraft:grass":1,"minecraft:grass_block":1,"minecraft:oak_log":6,"minecraft:gravel":1,"minecraft:dirt":1,"minecraft:stone":6,"minecraft:oak_leaves":1},"minecraft:custom":{"minecraft:time_since_rest":2980,"minecraft:open_chest":2,"minecraft:deaths":1,"minecraft:play_time":17500,"minecraft:sprint_one_cm":410,"minecraft:damage_taken":280,"minecraft:walk_one_cm":50640,"minecraft:jump":189,"minecraft:damage_dealt":37,"minecraft:time_since_death":3492,"minecraft:walk_on_water_one_cm":552,"minecraft:total_world_time":17500,"minecraft:interact_with_crafting_table":2,"minecraft:fall_one_cm":2537,"minecraft:fly_one_cm":871},"minecraft:crafted":{"minecraft:oak_planks":20,"minecraft:stick":12,"minecraft:wooden_pickaxe":1,"minecraft:stone_pickaxe":1}},"DataVersion":3120}