{"stats":{"minecraft:used":{"minecraft:cooked_mutton":3,"minecraft:cobblestone":11,"minecraft:stone_pickaxe":97,"minecraft:string":2},"minecraft:picked_up":{"minecraft:raw_iron":16,"minecraft:clay_ball":32,"minecraft:rotten_flesh":6,"minecraft:stone_axe":1,"minecraft:white_tulip":1,"minecraft:string":2,"minecraft:cobblestone":75},"minecraft:dropped":{"minecraft:rotten_flesh":6,"minecraft:stone_axe":1},"minecraft:mined":{"minecraft:grass_block":2,"minecraft:iron_ore":17,"minecraft:stone":76,"minecraft:white_tulip":1,"minecraft:clay":8,"minecraft:fern":1},"minecraft:custom":{"minecraft:time_since_rest":11355,"minecraft:open_chest":22,"minecraft:play_time":24687,"minecraft:interact_with_furnace":4,"minecraft:sprint_one_cm":62490,"minecraft:walk_one_cm":32509,"minecraft:damage_taken":90,"minecraft:sneak_time":61,"minecraft:walk_under_water_one_cm":1033,"minecraft:interact_with_anvil":1,"minecraft:drop":7,"minecraft:jump":211,"minecraft:leave_game":1,"minecraft:time_since_death":24687,"minecraft:walk_on_water_one_cm":2402,"minecraft:sleep_in_bed":1,"minecraft:total_world_time":24687,"minecraft:climb_one_cm":1698,"minecraft:fly_one_cm":55517,"minecraft:swim_one_cm":12428,"minecraft:interact_with_crafting_table":2,"minecraft:fall_one_cm":4112}},"DataVersion":3120}