{"stats":{"minecraft:used":{"minecraft:cooked_mutton":5,"minecraft:stone_sword":38,"minecraft:iron_axe":2,"minecraft:string":2,"minecraft:stone_pickaxe":100,"minecraft:oak_planks":8,"minecraft:iron_pickaxe":17,"minecraft:iron_sword":3,"minecraft:spruce_trapdoor":3,"minecraft:stone_bricks":1,"minecraft:stone_axe":3,"minecraft:torch":1,"minecraft:cobblestone":87,"minecraft:scaffolding":17,"minecraft:birch_log":2},"minecraft:crafted":{"minecraft:oak_planks":16},"minecraft:dropped":{"minecraft:stone_axe":1,"minecraft:rotten_flesh":6},"minecraft:mined":{"minecraft:scaffolding":10,"minecraft:iron_ore":20,"minecraft:andesite":1,"minecraft:clay":8,"minecraft:spruce_trapdoor":3,"minecraft:torch":1,"minecraft:grass_block":2,"minecraft:cobblestone":11,"minecraft:white_tulip":2,"minecraft:stone":76,"minecraft:wall_torch":1,"minecraft:fern":1},"minecraft:killed":{"minecraft:zombie":9},"minecraft:picked_up":{"minecraft:scaffolding":17,"minecraft:raw_iron":20,"minecraft:oak_door":1,"minecraft:clay_ball":32,"minecraft:andesite":1,"minecraft:torch":2,"minecraft:oak_stairs":1,"minecraft:oak_log":3,"minecraft:dirt":7,"minecraft:string":2,"minecraft:bundle":1,"minecraft:rotten_flesh":14,"minecraft:stone_bricks":1,"minecraft:stone_axe":1,"minecraft:white_tulip":2,"minecraft:stripped_oak_wood":1,"minecraft:spruce_trapdoor":3,"minecraft:oak_planks":2,"minecraft:cobblestone":87},"minecraft:custom":{"minecraft:time_since_rest":26455,"minecraft:interact_with_furnace":4,"minecraft:sprint_one_cm":83515,"minecraft:damage_taken":140,"minecraft:walk_one_cm":61852,"minecraft:mob_kills":9,"minecraft:interact_with_anvil":1,"minecraft:drop":7,"tombstone:raider_killed":9,"minecraft:damage_dealt":1412,"minecraft:swim_one_cm":12428,"minecraft:interact_with_crafting_table":2,"minecraft:fly_one_cm":76321,"minecraft:open_chest":25,"minecraft:crouch_one_cm":1656,"minecraft:play_time":39787,"tombstone:undead_killed":9,"minecraft:sneak_time":1154,"minecraft:walk_under_water_one_cm":1033,"minecraft:jump":399,"minecraft:leave_game":2,"minecraft:walk_on_water_one_cm":2402,"minecraft:time_since_death":39787,"minecraft:sleep_in_bed":1,"minecraft:climb_one_cm":7486,"minecraft:total_world_time":39787,"minecraft:fall_one_cm":6051}},"DataVersion":3120}