{"stats":{"minecraft:used":{"minecraft:cooked_mutton":5,"minecraft:cobblestone":61,"minecraft:stone_pickaxe":100,"minecraft:string":2,"minecraft:iron_sword":1},"minecraft:dropped":{"minecraft:rotten_flesh":6,"minecraft:stone_axe":1},"minecraft:mined":{"minecraft:grass_block":2,"minecraft:iron_ore":20,"minecraft:stone":76,"minecraft:white_tulip":1,"minecraft:clay":8,"minecraft:fern":1},"minecraft:picked_up":{"minecraft:raw_iron":20,"minecraft:clay_ball":32,"minecraft:rotten_flesh":6,"minecraft:stone_axe":1,"minecraft:white_tulip":1,"minecraft:string":2,"minecraft:cobblestone":76},"minecraft:custom":{"minecraft:open_chest":24,"minecraft:time_since_rest":14326,"minecraft:play_time":27658,"minecraft:interact_with_furnace":4,"minecraft:sprint_one_cm":69286,"minecraft:damage_taken":90,"minecraft:walk_one_cm":37082,"minecraft:sneak_time":121,"minecraft:walk_under_water_one_cm":1033,"minecraft:interact_with_anvil":1,"minecraft:drop":7,"minecraft:jump":298,"minecraft:damage_dealt":59,"minecraft:leave_game":1,"minecraft:time_since_death":27658,"minecraft:walk_on_water_one_cm":2402,"minecraft:sleep_in_bed":1,"minecraft:total_world_time":27658,"minecraft:climb_one_cm":2895,"minecraft:swim_one_cm":12428,"minecraft:interact_with_crafting_table":2,"minecraft:fly_one_cm":61746,"minecraft:fall_one_cm":4321}},"DataVersion":3120}