{"stats":{"minecraft:used":{"minecraft:cooked_mutton":6,"minecraft:stone_sword":42,"minecraft:white_tulip":1,"minecraft:stone_pickaxe":100,"minecraft:iron_axe":2,"minecraft:string":2,"minecraft:oak_planks":8,"minecraft:iron_pickaxe":17,"minecraft:iron_sword":10,"minecraft:spruce_trapdoor":3,"minecraft:stone_bricks":1,"minecraft:stone_axe":3,"minecraft:torch":1,"minecraft:cobblestone":87,"minecraft:written_book":1,"minecraft:scaffolding":17,"minecraft:birch_log":2},"minecraft:crafted":{"minecraft:oak_planks":16},"minecraft:dropped":{"minecraft:stone_axe":1,"minecraft:rotten_flesh":6},"minecraft:mined":{"minecraft:scaffolding":10,"minecraft:iron_ore":20,"minecraft:andesite":1,"minecraft:clay":8,"minecraft:spruce_trapdoor":3,"minecraft:torch":1,"minecraft:grass_block":2,"minecraft:rose_bush":1,"minecraft:cobblestone":11,"minecraft:stone":76,"minecraft:white_tulip":2,"minecraft:wall_torch":1,"minecraft:fern":2},"minecraft:killed":{"minecraft:zombie":9,"twilightforest:helmet_crab":2,"twilightforest:kobold":1},"minecraft:custom":{"minecraft:time_since_rest":33278,"minecraft:interact_with_furnace":4,"minecraft:sprint_one_cm":93907,"minecraft:damage_taken":282,"minecraft:walk_one_cm":93251,"minecraft:interact_with_anvil":1,"minecraft:mob_kills":12,"minecraft:drop":7,"tombstone:raider_killed":9,"minecraft:damage_dealt":1801,"minecraft:interact_with_crafting_table":2,"minecraft:swim_one_cm":12428,"minecraft:fly_one_cm":145704,"minecraft:open_chest":25,"minecraft:crouch_one_cm":1656,"minecraft:play_time":46610,"tombstone:undead_killed":9,"minecraft:sneak_time":1157,"minecraft:walk_under_water_one_cm":1033,"minecraft:jump":544,"minecraft:leave_game":3,"minecraft:time_since_death":46610,"minecraft:walk_on_water_one_cm":4004,"minecraft:sleep_in_bed":1,"minecraft:climb_one_cm":9290,"minecraft:total_world_time":46610,"minecraft:fall_one_cm":8797},"minecraft:picked_up":{"twilightforest:steeleaf_boots":1,"minecraft:scaffolding":17,"minecraft:raw_iron":20,"minecraft:oak_door":1,"minecraft:clay_ball":32,"minecraft:andesite":1,"twilightforest:steeleaf_leggings":1,"minecraft:torch":2,"minecraft:porkchop":12,"twilightforest:maze_wafer":31,"minecraft:oak_stairs":1,"minecraft:golden_axe":1,"minecraft:oak_log":3,"minecraft:string":2,"minecraft:dirt":7,"twilightforest:steeleaf_sword":1,"minecraft:bundle":1,"twilightforest:steeleaf_ingot":4,"minecraft:rotten_flesh":14,"minecraft:stone_bricks":1,"minecraft:stone_axe":1,"minecraft:white_tulip":2,"minecraft:written_book":1,"minecraft:rose_bush":1,"minecraft:stripped_oak_wood":1,"minecraft:oak_planks":2,"minecraft:spruce_trapdoor":3,"minecraft:cobblestone":87,"twilightforest:armor_shard":3}},"DataVersion":3120}