{"stats":{"minecraft:used":{"minecraft:cooked_mutton":3,"minecraft:string":2},"minecraft:picked_up":{"minecraft:rotten_flesh":5,"minecraft:stone_axe":1,"minecraft:string":2},"minecraft:dropped":{"minecraft:rotten_flesh":5,"minecraft:stone_axe":1},"minecraft:mined":{"minecraft:grass_block":2,"minecraft:fern":1},"minecraft:custom":{"minecraft:time_since_rest":2328,"minecraft:open_chest":22,"minecraft:play_time":15660,"minecraft:interact_with_furnace":4,"minecraft:sprint_one_cm":33991,"minecraft:walk_one_cm":20557,"minecraft:damage_taken":90,"minecraft:sneak_time":61,"minecraft:walk_under_water_one_cm":1033,"minecraft:interact_with_anvil":1,"minecraft:drop":6,"minecraft:jump":181,"minecraft:time_since_death":15660,"minecraft:walk_on_water_one_cm":2402,"minecraft:sleep_in_bed":1,"minecraft:total_world_time":15660,"minecraft:climb_one_cm":1698,"minecraft:fly_one_cm":47448,"minecraft:swim_one_cm":12428,"minecraft:interact_with_crafting_table":2,"minecraft:fall_one_cm":3843}},"DataVersion":3120}