{
  "minecraft:recipes/tools/fishing_rod": {
    "criteria": {
      "has_string": "2024-10-11 22:27:50 +0000"
    },
    "done": true
  },
  "smallships:recipes/lotr_green_oak_war_galley": {
    "criteria": {
      "in_water": "2024-10-11 22:14:59 +0000"
    },
    "done": true
  },
  "minecraft:recipes/decorations/smoker": {
    "criteria": {
      "has_furnace": "2024-10-11 22:11:58 +0000"
    },
    "done": true
  },
  "smallships:recipes/lotr_mallorn_dhow": {
    "criteria": {
      "in_water": "2024-10-11 22:14:59 +0000"
    },
    "done": true
  },
  "diamethysts:items/diamethyst_bow_upper_section": {
    "criteria": {
      "has_items": "2024-10-11 21:56:20 +0000"
    },
    "done": true
  },
  "minecraft:recipes/redstone/lever": {
    "criteria": {
      "has_cobblestone": "2024-10-11 21:56:32 +0000"
    },
    "done": true
  },
  "smallships:recipes/lotr_rotten_rowboat": {
    "criteria": {
      "in_water": "2024-10-11 22:14:59 +0000"
    },
    "done": true
  },
  "smallships:recipes/bop_hellbark_war_galley": {
    "criteria": {
      "in_water": "2024-10-11 22:14:59 +0000"
    },
    "done": true
  },
  "smallships:recipes/lotr_cherry_drakkar": {
    "criteria": {
      "in_water": "2024-10-11 22:14:59 +0000"
    },
    "done": true
  },
  "minecraft:recipes/combat/iron_sword": {
    "criteria": {
      "has_iron_ingot": "2024-10-11 22:12:33 +0000"
    },
    "done": true
  },
  "greekfantasy:recipes/building_blocks/marble": {
    "criteria": {
      "has_ingredients": "2024-10-11 21:54:05 +0000"
    },
    "done": true
  },
  "minecraft:recipes/building_blocks/polished_deepslate": {
    "criteria": {
      "has_cobbled_deepslate": "2024-10-11 22:20:19 +0000"
    },
    "done": true
  },
  "minecraft:recipes/building_blocks/chiseled_deepslate_from_cobbled_deepslate_stonecutting": {
    "criteria": {
      "has_cobbled_deepslate": "2024-10-11 22:20:19 +0000"
    },
    "done": true
  },
  "diamethysts:items/diamethyst_lapis_bow_upper_section": {
    "criteria": {
      "has_items": "2024-10-11 21:56:20 +0000"
    },
    "done": true
  },
  "minecraft:recipes/building_blocks/lime_concrete_powder": {
    "criteria": {
      "has_gravel": "2024-10-11 22:34:42 +0000"
    },
    "done": true
  },
  "diamethysts:tools/diamethyst_gold_pickaxe": {
    "criteria": {
      "has_items": "2024-10-11 22:24:39 +0000"
    },
    "done": true
  },
  "minecraft:recipes/tools/iron_pickaxe": {
    "criteria": {
      "has_iron_ingot": "2024-10-11 22:12:33 +0000"
    },
    "done": true
  },
  "smallships:recipes/lotr_cedar_dhow": {
    "criteria": {
      "in_water": "2024-10-11 22:14:59 +0000"
    },
    "done": true
  },
  "smallships:recipes/bop_mahogany_dhow": {
    "criteria": {
      "in_water": "2024-10-11 22:14:59 +0000"
    },
    "done": true
  },
  "minecraft:recipes/building_blocks/yellow_concrete_powder": {
    "criteria": {
      "has_gravel": "2024-10-11 22:34:42 +0000"
    },
    "done": true
  },
  "greekfantasy:recipes/combat/iron_club": {
    "criteria": {
      "has_ingredients": "2024-10-11 22:12:33 +0000"
    },
    "done": true
  },
  "minecraft:recipes/decorations/crafting_table": {
    "criteria": {
      "has_planks": "2024-10-11 21:56:16 +0000"
    },
    "done": true
  },
  "diamethysts:items/diamethyst_gold_bow_upper_section": {
    "criteria": {
      "has_items": "2024-10-11 21:56:20 +0000"
    },
    "done": true
  },
  "smallships:recipes/lotr_larch_brigg": {
    "criteria": {
      "in_water": "2024-10-11 22:14:59 +0000"
    },
    "done": true
  },
  "diamethysts:items/chain_link_maker": {
    "criteria": {
      "has_items": "2024-10-11 22:12:33 +0000"
    },
    "done": true
  },
  "minecraft:recipes/building_blocks/copper_block": {
    "criteria": {
      "has_copper_ingot": "2024-10-11 22:28:27 +0000"
    },
    "done": true
  },
  "diamethysts:weapons/diamethyst_iron_bow": {
    "criteria": {
      "has_items": "2024-10-11 22:27:50 +0000"
    },
    "done": true
  },
  "minecraft:recipes/decorations/ladder": {
    "criteria": {
      "has_stick": "2024-10-11 21:56:20 +0000"
    },
    "done": true
  },
  "minecraft:story/shiny_gear": {
    "criteria": {
      "diamond_chestplate": "2024-10-11 22:54:09 +0000"
    },
    "done": true
  },
  "minecraft:recipes/decorations/chest": {
    "criteria": {
      "has_lots_of_items": "2024-10-11 22:11:24 +0000"
    },
    "done": true
  },
  "minecraft:recipes/combat/golden_sword": {
    "criteria": {
      "has_gold_ingot": "2024-10-11 22:24:39 +0000"
    },
    "done": true
  },
  "greekfantasy:recipes/combat/stone_club": {
    "criteria": {
      "has_ingredients": "2024-10-11 21:56:32 +0000"
    },
    "done": true
  },
  "smallships:recipes/bop_palm_rowboat": {
    "criteria": {
      "in_water": "2024-10-11 22:14:59 +0000"
    },
    "done": true
  },
  "minecraft:recipes/building_blocks/cobbled_deepslate_slab": {
    "criteria": {
      "has_cobbled_deepslate": "2024-10-11 22:20:19 +0000"
    },
    "done": true
  },
  "minecraft:recipes/transportation/mangrove_boat": {
    "criteria": {
      "in_water": "2024-10-11 22:14:59 +0000"
    },
    "done": true
  },
  "minecraft:recipes/tools/wooden_shovel": {
    "criteria": {
      "has_stick": "2024-10-11 21:56:20 +0000"
    },
    "done": true
  },
  "smallships:recipes/bop_mahogany_brigg": {
    "criteria": {
      "in_water": "2024-10-11 22:14:59 +0000"
    },
    "done": true
  },
  "minecraft:recipes/decorations/torch": {
    "criteria": {
      "has_stone_pickaxe": "2024-10-11 21:57:26 +0000"
    },
    "done": true
  },
  "smallships:recipes/lotr_beech_dhow": {
    "criteria": {
      "in_water": "2024-10-11 22:14:59 +0000"
    },
    "done": true
  },
  "smallships:recipes/lotr_pine_brigg": {
    "criteria": {
      "in_water": "2024-10-11 22:14:59 +0000"
    },
    "done": true
  },
  "smallships:recipes/lotr_mallorn_galley": {
    "criteria": {
      "in_water": "2024-10-11 22:14:59 +0000"
    },
    "done": true
  },
  "minecraft:recipes/tools/shears": {
    "criteria": {
      "has_iron_ingot": "2024-10-11 22:12:33 +0000"
    },
    "done": true
  },
  "minecraft:recipes/misc/stick": {
    "criteria": {
      "has_planks": "2024-10-11 21:56:16 +0000"
    },
    "done": true
  },
  "smallships:recipes/spruce_brigg": {
    "criteria": {
      "in_water": "2024-10-11 22:14:59 +0000"
    },
    "done": true
  },
  "smallships:recipes/lotr_cypress_drakkar": {
    "criteria": {
      "in_water": "2024-10-11 22:14:59 +0000"
    },
    "done": true
  },
  "smallships:recipes/bop_umbran_galley": {
    "criteria": {
      "in_water": "2024-10-11 22:14:59 +0000"
    },
    "done": true
  },
  "greekfantasy:recipes/combat/diamond_spear": {
    "criteria": {
      "has_ingredients": "2024-10-11 22:38:34 +0000"
    },
    "done": true
  },
  "diamethysts:tools/diamethyst_iron_shovel": {
    "criteria": {
      "has_items": "2024-10-11 22:12:33 +0000"
    },
    "done": true
  },
  "diamethysts:items/strung_diamond": {
    "criteria": {
      "has_items": "2024-10-11 22:27:50 +0000"
    },
    "done": true
  },
  "smallships:recipes/lotr_lebethron_galley": {
    "criteria": {
      "in_water": "2024-10-11 22:14:59 +0000"
    },
    "done": true
  },
  "smallships:recipes/lotr_charred_war_galley": {
    "criteria": {
      "in_water": "2024-10-11 22:14:59 +0000"
    },
    "done": true
  },
  "minecraft:recipes/transportation/detector_rail": {
    "criteria": {
      "has_rail": "2024-10-11 22:25:30 +0000"
    },
    "done": true
  },
  "smallships:recipes/lotr_cherry_rowboat": {
    "criteria": {
      "in_water": "2024-10-11 22:14:59 +0000"
    },
    "done": true
  },
  "smallships:recipes/lotr_maple_rowboat": {
    "criteria": {
      "in_water": "2024-10-11 22:14:59 +0000"
    },
    "done": true
  },
  "diamethysts:items/diamethyst_arrow": {
    "criteria": {
      "has_items": "2024-10-11 21:56:20 +0000"
    },
    "done": true
  },
  "smallships:recipes/bop_umbran_drakkar": {
    "criteria": {
      "in_water": "2024-10-11 22:14:59 +0000"
    },
    "done": true
  },
  "diamethysts:tools/diamethyst_iron_axe": {
    "criteria": {
      "has_items": "2024-10-11 22:12:33 +0000"
    },
    "done": true
  },
  "minecraft:recipes/combat/iron_leggings": {
    "criteria": {
      "has_iron_ingot": "2024-10-11 22:12:33 +0000"
    },
    "done": true
  },
  "smallships:recipes/lotr_larch_war_galley": {
    "criteria": {
      "in_water": "2024-10-11 22:14:59 +0000"
    },
    "done": true
  },
  "smallships:recipes/lotr_fir_war_galley": {
    "criteria": {
      "in_water": "2024-10-11 22:14:59 +0000"
    },
    "done": true
  },
  "diamethysts:items/diamethyst_iron_arrow": {
    "criteria": {
      "has_items": "2024-10-11 22:12:33 +0000"
    },
    "done": true
  },
  "diamethysts:weapons/diamethyst_iron_battle_axe": {
    "criteria": {
      "has_items": "2024-10-11 22:12:33 +0000"
    },
    "done": true
  },
  "minecraft:recipes/combat/shield": {
    "criteria": {
      "has_iron_ingot": "2024-10-11 22:12:33 +0000"
    },
    "done": true
  },
  "decorative_blocks:recipes/decorative_blocks.general/lattice": {
    "criteria": {
      "has_stick": "2024-10-11 21:56:20 +0000"
    },
    "done": true
  },
  "minecraft:recipes/building_blocks/cobblestone_slab": {
    "criteria": {
      "has_cobblestone": "2024-10-11 21:56:32 +0000"
    },
    "done": true
  },
  "smallships:recipes/bop_redwood_drakkar": {
    "criteria": {
      "in_water": "2024-10-11 22:14:59 +0000"
    },
    "done": true
  },
  "diamethysts:weapons/diamethyst_gold_bow": {
    "criteria": {
      "has_items": "2024-10-11 22:27:50 +0000"
    },
    "done": true
  },
  "smallships:recipes/birch_war_galley": {
    "criteria": {
      "in_water": "2024-10-11 22:14:59 +0000"
    },
    "done": true
  },
  "smallships:recipes/bop_umbran_cog": {
    "criteria": {
      "in_water": "2024-10-11 22:14:59 +0000"
    },
    "done": true
  },
  "minecraft:recipes/redstone/hopper": {
    "criteria": {
      "has_iron_ingot": "2024-10-11 22:12:33 +0000"
    },
    "done": true
  },
  "smallships:recipes/lotr_green_oak_drakkar": {
    "criteria": {
      "in_water": "2024-10-11 22:14:59 +0000"
    },
    "done": true
  },
  "minecraft:recipes/decorations/cobbled_deepslate_wall_from_cobbled_deepslate_stonecutting": {
    "criteria": {
      "has_cobbled_deepslate": "2024-10-11 22:20:19 +0000"
    },
    "done": true
  },
  "smallships:recipes/lotr_cypress_rowboat": {
    "criteria": {
      "in_water": "2024-10-11 22:14:59 +0000"
    },
    "done": true
  },
  "smallships:recipes/lotr_aspen_cog": {
    "criteria": {
      "in_water": "2024-10-11 22:14:59 +0000"
    },
    "done": true
  },
  "minecraft:recipes/building_blocks/coarse_dirt": {
    "criteria": {
      "has_gravel": "2024-10-11 22:34:42 +0000"
    },
    "done": true
  },
  "smallships:recipes/birch_brigg": {
    "criteria": {
      "in_water": "2024-10-11 22:14:59 +0000"
    },
    "done": true
  },
  "minecraft:recipes/building_blocks/deepslate_tile_stairs_from_cobbled_deepslate_stonecutting": {
    "criteria": {
      "has_cobbled_deepslate": "2024-10-11 22:20:19 +0000"
    },
    "done": true
  },
  "minecraft:recipes/building_blocks/light_gray_concrete_powder": {
    "criteria": {
      "has_gravel": "2024-10-11 22:34:42 +0000"
    },
    "done": true
  },
  "smallships:recipes/envi_cherry_galley": {
    "criteria": {
      "in_water": "2024-10-11 22:14:59 +0000"
    },
    "done": true
  },
  "minecraft:recipes/misc/gold_ingot_from_smelting_raw_gold": {
    "criteria": {
      "has_raw_gold": "2024-10-11 22:20:00 +0000"
    },
    "done": true
  },
  "smallships:recipes/lotr_apple_dhow": {
    "criteria": {
      "in_water": "2024-10-11 22:14:59 +0000"
    },
    "done": true
  },
  "smallships:recipes/lotr_cherry_war_galley": {
    "criteria": {
      "in_water": "2024-10-11 22:14:59 +0000"
    },
    "done": true
  },
  "minecraft:recipes/building_blocks/pink_concrete_powder": {
    "criteria": {
      "has_gravel": "2024-10-11 22:34:42 +0000"
    },
    "done": true
  },
  "smallships:recipes/dark_oak_brigg": {
    "criteria": {
      "in_water": "2024-10-11 22:14:59 +0000"
    },
    "done": true
  },
  "diamethysts:items/diamethyst_copper_bow_upper_section": {
    "criteria": {
      "has_items": "2024-10-11 21:56:20 +0000"
    },
    "done": true
  },
  "incendium:technical/using/trailblazer": {
    "criteria": {
      "log_spam_fixer": "2024-10-11 21:54:06 +0000"
    },
    "done": false
  },
  "minecraft:recipes/decorations/iron_bars": {
    "criteria": {
      "has_iron_ingot": "2024-10-11 22:12:33 +0000"
    },
    "done": true
  },
  "smallships:recipes/lotr_rotten_dhow": {
    "criteria": {
      "in_water": "2024-10-11 22:14:59 +0000"
    },
    "done": true
  },
  "smallships:recipes/oak_dhow": {
    "criteria": {
      "in_water": "2024-10-11 22:14:59 +0000"
    },
    "done": true
  },
  "incendium:technical/scroll_of_returning": {
    "criteria": {
      "log_spam_fixer": "2024-10-11 21:54:06 +0000"
    },
    "done": false
  },
  "smallships:recipes/lotr_mallorn_rowboat": {
    "criteria": {
      "in_water": "2024-10-11 22:14:59 +0000"
    },
    "done": true
  },
  "minecraft:recipes/building_blocks/gold_block": {
    "criteria": {
      "has_gold_ingot": "2024-10-11 22:24:39 +0000"
    },
    "done": true
  },
  "minecraft:story/obtain_armor": {
    "criteria": {
      "iron_chestplate": "2024-10-11 22:25:07 +0000"
    },
    "done": true
  },
  "smallships:recipes/bop_dead_dhow": {
    "criteria": {
      "in_water": "2024-10-11 22:14:59 +0000"
    },
    "done": true
  },
  "smallships:recipes/dark_oak_cog": {
    "criteria": {
      "in_water": "2024-10-11 22:14:59 +0000"
    },
    "done": true
  },
  "diamethysts:tools/diamethyst_lapis_hoe": {
    "criteria": {
      "has_items": "2024-10-11 22:21:39 +0000"
    },
    "done": true
  },
  "diamethysts:tools/diamethyst_lapis_shovel": {
    "criteria": {
      "has_items": "2024-10-11 22:21:39 +0000"
    },
    "done": true
  },
  "minecraft:recipes/decorations/deepslate_brick_wall_from_cobbled_deepslate_stonecutting": {
    "criteria": {
      "has_cobbled_deepslate": "2024-10-11 22:20:19 +0000"
    },
    "done": true
  },
  "minecraft:recipes/brewing/cauldron": {
    "criteria": {
      "has_water_bucket": "2024-10-11 22:19:40 +0000"
    },
    "done": true
  },
  "smallships:recipes/lotr_pine_galley": {
    "criteria": {
      "in_water": "2024-10-11 22:14:59 +0000"
    },
    "done": true
  },
  "minecraft:recipes/combat/diamond_leggings": {
    "criteria": {
      "has_diamond": "2024-10-11 22:38:34 +0000"
    },
    "done": true
  },
  "infernalexp:recipes/food/cured_jerky": {
    "criteria": {
      "has_soul_salt_clump": "2024-10-11 21:54:05 +0000"
    },
    "done": true
  },
  "smallships:recipes/lotr_cedar_galley": {
    "criteria": {
      "in_water": "2024-10-11 22:14:59 +0000"
    },
    "done": true
  },
  "minecraft:recipes/building_blocks/cobblestone_slab_from_cobblestone_stonecutting": {
    "criteria": {
      "has_cobblestone": "2024-10-11 21:56:32 +0000"
    },
    "done": true
  },
  "smallships:recipes/bop_mahogany_galley": {
    "criteria": {
      "in_water": "2024-10-11 22:14:59 +0000"
    },
    "done": true
  },
  "decorative_blocks:recipes/decorative_blocks.general/oak_support": {
    "criteria": {
      "has_plank": "2024-10-11 21:56:16 +0000"
    },
    "done": true
  },
  "shieldexp:recipes/iron_shield": {
    "criteria": {
      "has_iron_ingot": "2024-10-11 22:12:33 +0000"
    },
    "done": true
  },
  "minecraft:recipes/building_blocks/oak_stairs": {
    "criteria": {
      "has_planks": "2024-10-11 21:56:16 +0000"
    },
    "done": true
  },
  "smallships:recipes/lotr_holly_brigg": {
    "criteria": {
      "in_water": "2024-10-11 22:14:59 +0000"
    },
    "done": true
  },
  "smallships:recipes/bop_umbran_dhow": {
    "criteria": {
      "in_water": "2024-10-11 22:14:59 +0000"
    },
    "done": true
  },
  "minecraft:recipes/misc/copper_ingot_from_blasting_raw_copper": {
    "criteria": {
      "has_raw_copper": "2024-10-11 22:28:04 +0000"
    },
    "done": true
  },
  "minecraft:recipes/transportation/acacia_boat": {
    "criteria": {
      "in_water": "2024-10-11 22:14:59 +0000"
    },
    "done": true
  },
  "minecraft:recipes/redstone/iron_trapdoor": {
    "criteria": {
      "has_iron_ingot": "2024-10-11 22:12:33 +0000"
    },
    "done": true
  },
  "smallships:recipes/sail_item": {
    "criteria": {
      "in_water": "2024-10-11 22:14:59 +0000"
    },
    "done": true
  },
  "knight_quest:kq_quest_source": {
    "criteria": {
      "kq_quest_source": "2024-10-11 21:54:05 +0000"
    },
    "done": true
  },
  "minecraft:adventure/root": {
    "criteria": {
      "killed_by_something": "2024-10-11 22:17:17 +0000"
    },
    "done": true
  },
  "smallships:recipes/lotr_larch_rowboat": {
    "criteria": {
      "in_water": "2024-10-11 22:14:59 +0000"
    },
    "done": true
  },
  "infernalexp:recipes/redstone/soul_slate_button": {
    "criteria": {
      "has_soul_slate": "2024-10-11 21:54:05 +0000"
    },
    "done": true
  },
  "minecraft:recipes/building_blocks/white_concrete_powder": {
    "criteria": {
      "has_gravel": "2024-10-11 22:34:42 +0000"
    },
    "done": true
  },
  "shieldexp:recipes/wooden_shield": {
    "criteria": {
      "has_stick": "2024-10-11 21:56:20 +0000"
    },
    "done": true
  },
  "diamethysts:items/leather_bound_stick": {
    "criteria": {
      "has_items": "2024-10-11 21:56:20 +0000"
    },
    "done": true
  },
  "minecraft:recipes/building_blocks/white_wool_from_string": {
    "criteria": {
      "has_string": "2024-10-11 22:27:50 +0000"
    },
    "done": true
  },
  "minecraft:recipes/tools/diamond_pickaxe": {
    "criteria": {
      "has_diamond": "2024-10-11 22:38:34 +0000"
    },
    "done": true
  },
  "smallships:recipes/envi_willow_dhow": {
    "criteria": {
      "in_water": "2024-10-11 22:14:59 +0000"
    },
    "done": true
  },
  "minecraft:recipes/redstone/lightning_rod": {
    "criteria": {
      "has_copper_ingot": "2024-10-11 22:28:27 +0000"
    },
    "done": true
  },
  "minecraft:adventure/kill_all_mobs": {
    "criteria": {
      "minecraft:skeleton": "2024-10-11 22:36:15 +0000",
      "minecraft:spider": "2024-10-11 22:54:01 +0000",
      "minecraft:creeper": "2024-10-11 22:36:44 +0000",
      "minecraft:zombie": "2024-10-11 22:25:48 +0000"
    },
    "done": false
  },
  "incendium:technical/sentrys_wrath": {
    "criteria": {
      "log_spam_fixer": "2024-10-11 22:57:47 +0000"
    },
    "done": false
  },
  "minecraft:recipes/building_blocks/polished_deepslate_from_cobbled_deepslate_stonecutting": {
    "criteria": {
      "has_cobbled_deepslate": "2024-10-11 22:20:19 +0000"
    },
    "done": true
  },
  "smallships:recipes/lotr_apple_brigg": {
    "criteria": {
      "in_water": "2024-10-11 22:14:59 +0000"
    },
    "done": true
  },
  "smallships:recipes/lotr_cypress_war_galley": {
    "criteria": {
      "in_water": "2024-10-11 22:14:59 +0000"
    },
    "done": true
  },
  "smallships:recipes/lotr_holly_drakkar": {
    "criteria": {
      "in_water": "2024-10-11 22:14:59 +0000"
    },
    "done": true
  },
  "smallships:recipes/lotr_cypress_galley": {
    "criteria": {
      "in_water": "2024-10-11 22:14:59 +0000"
    },
    "done": true
  },
  "smallships:recipes/lotr_charred_galley": {
    "criteria": {
      "in_water": "2024-10-11 22:14:59 +0000"
    },
    "done": true
  },
  "diamethysts:items/diamethyst_copper_plate": {
    "criteria": {
      "has_items": "2024-10-11 22:28:27 +0000"
    },
    "done": true
  },
  "smallships:recipes/lotr_cherry_brigg": {
    "criteria": {
      "in_water": "2024-10-11 22:14:59 +0000"
    },
    "done": true
  },
  "minecraft:recipes/misc/iron_nugget_from_smelting": {
    "criteria": {
      "has_iron_pickaxe": "2024-10-11 22:14:04 +0000"
    },
    "done": true
  },
  "minecraft:recipes/building_blocks/polished_deepslate_slab_from_cobbled_deepslate_stonecutting": {
    "criteria": {
      "has_cobbled_deepslate": "2024-10-11 22:20:19 +0000"
    },
    "done": true
  },
  "smallships:recipes/lotr_maple_war_galley": {
    "criteria": {
      "in_water": "2024-10-11 22:14:59 +0000"
    },
    "done": true
  },
  "smallships:recipes/bop_jacaranda_war_galley": {
    "criteria": {
      "in_water": "2024-10-11 22:14:59 +0000"
    },
    "done": true
  },
  "smallships:recipes/bop_magic_rowboat": {
    "criteria": {
      "in_water": "2024-10-11 22:14:59 +0000"
    },
    "done": true
  },
  "minecraft:recipes/decorations/chain": {
    "criteria": {
      "has_iron_ingot": "2024-10-11 22:12:33 +0000"
    },
    "done": true
  },
  "smallships:recipes/lotr_rotten_drakkar": {
    "criteria": {
      "in_water": "2024-10-11 22:14:59 +0000"
    },
    "done": true
  },
  "minecraft:recipes/misc/blue_dye": {
    "criteria": {
      "has_lapis_lazuli": "2024-10-11 22:21:39 +0000"
    },
    "done": true
  },
  "diamethysts:items/diamethyst_iron_bow_upper_section": {
    "criteria": {
      "has_items": "2024-10-11 21:56:20 +0000"
    },
    "done": true
  },
  "minecraft:recipes/decorations/oak_fence": {
    "criteria": {
      "has_planks": "2024-10-11 21:56:16 +0000"
    },
    "done": true
  },
  "smallships:recipes/lotr_pine_rowboat": {
    "criteria": {
      "in_water": "2024-10-11 22:14:59 +0000"
    },
    "done": true
  },
  "smallships:recipes/bop_palm_drakkar": {
    "criteria": {
      "in_water": "2024-10-11 22:14:59 +0000"
    },
    "done": true
  },
  "smallships:recipes/lotr_charred_cog": {
    "criteria": {
      "in_water": "2024-10-11 22:14:59 +0000"
    },
    "done": true
  },
  "diamethysts:tools/diamethyst_diamond_hoe": {
    "criteria": {
      "has_items": "2024-10-11 22:38:34 +0000"
    },
    "done": true
  },
  "diamethysts:tools/diamethyst_copper_hoe": {
    "criteria": {
      "has_items": "2024-10-11 22:28:27 +0000"
    },
    "done": true
  },
  "diamethysts:tools/diamethyst_gold_axe": {
    "criteria": {
      "has_items": "2024-10-11 22:24:39 +0000"
    },
    "done": true
  },
  "minecraft:recipes/building_blocks/orange_concrete_powder": {
    "criteria": {
      "has_gravel": "2024-10-11 22:34:42 +0000"
    },
    "done": true
  },
  "astikorcarts:recipes/supply_cart": {
    "criteria": {
      "has_wheel": "2024-10-11 21:54:05 +0000"
    },
    "done": true
  },
  "minecraft:recipes/building_blocks/oak_slab": {
    "criteria": {
      "has_planks": "2024-10-11 21:56:16 +0000"
    },
    "done": true
  },
  "diamethysts:items/diamethyst_lapis_bow_lower_section": {
    "criteria": {
      "has_items": "2024-10-11 21:56:20 +0000"
    },
    "done": true
  },
  "diamethysts:items/diamethyst_gold_arrow": {
    "criteria": {
      "has_items": "2024-10-11 22:24:39 +0000"
    },
    "done": true
  },
  "smallships:recipes/bop_magic_galley": {
    "criteria": {
      "in_water": "2024-10-11 22:14:59 +0000"
    },
    "done": true
  },
  "minecraft:recipes/building_blocks/raw_copper_block": {
    "criteria": {
      "has_raw_copper": "2024-10-11 22:28:04 +0000"
    },
    "done": true
  },
  "smallships:recipes/bop_fir_drakkar": {
    "criteria": {
      "in_water": "2024-10-11 22:14:59 +0000"
    },
    "done": true
  },
  "smallships:recipes/spruce_drakkar": {
    "criteria": {
      "in_water": "2024-10-11 22:14:59 +0000"
    },
    "done": true
  },
  "smallships:recipes/bop_willow_war_galley": {
    "criteria": {
      "in_water": "2024-10-11 22:14:59 +0000"
    },
    "done": true
  },
  "smallships:recipes/lotr_beech_brigg": {
    "criteria": {
      "in_water": "2024-10-11 22:14:59 +0000"
    },
    "done": true
  },
  "minecraft:recipes/combat/golden_chestplate": {
    "criteria": {
      "has_gold_ingot": "2024-10-11 22:24:39 +0000"
    },
    "done": true
  },
  "smallships:recipes/lotr_mirk_oak_rowboat": {
    "criteria": {
      "in_water": "2024-10-11 22:14:59 +0000"
    },
    "done": true
  },
  "smallships:recipes/lotr_aspen_brigg": {
    "criteria": {
      "in_water": "2024-10-11 22:14:59 +0000"
    },
    "done": true
  },
  "smallships:recipes/oak_brigg": {
    "criteria": {
      "in_water": "2024-10-11 22:14:59 +0000"
    },
    "done": true
  },
  "minecraft:recipes/decorations/deepslate_tile_wall_from_cobbled_deepslate_stonecutting": {
    "criteria": {
      "has_cobbled_deepslate": "2024-10-11 22:20:19 +0000"
    },
    "done": true
  },
  "minecraft:recipes/misc/iron_ingot_from_blasting_raw_iron": {
    "criteria": {
      "has_raw_iron": "2024-10-11 22:11:05 +0000"
    },
    "done": true
  },
  "smallships:recipes/jungle_galley": {
    "criteria": {
      "in_water": "2024-10-11 22:14:59 +0000"
    },
    "done": true
  },
  "smallships:recipes/lotr_larch_drakkar": {
    "criteria": {
      "in_water": "2024-10-11 22:14:59 +0000"
    },
    "done": true
  },
  "minecraft:recipes/building_blocks/diorite_stairs_from_diorite_stonecutting": {
    "criteria": {
      "has_diorite": "2024-10-11 22:11:13 +0000"
    },
    "done": true
  },
  "diamethysts:items/diamethyst_diamond_arrow": {
    "criteria": {
      "has_items": "2024-10-11 22:38:34 +0000"
    },
    "done": true
  },
  "diamethysts:weapons/diamethyst_emerald_bow": {
    "criteria": {
      "has_items": "2024-10-11 22:27:50 +0000"
    },
    "done": true
  },
  "diamethysts:story/root": {
    "criteria": {
      "crafting_table": "2024-10-11 22:11:50 +0000"
    },
    "done": true
  },
  "smallships:recipes/lotr_lairelosse_galley": {
    "criteria": {
      "in_water": "2024-10-11 22:14:59 +0000"
    },
    "done": true
  },
  "decorative_blocks:recipes/decorative_blocks.general/rocky_dirt": {
    "criteria": {
      "has_dirt": "2024-10-11 21:54:16 +0000"
    },
    "done": true
  },
  "minecraft:recipes/building_blocks/iron_block": {
    "criteria": {
      "has_iron_ingot": "2024-10-11 22:12:33 +0000"
    },
    "done": true
  },
  "diamethysts:items/diamethyst_copper_bow_lower_section": {
    "criteria": {
      "has_items": "2024-10-11 21:56:20 +0000"
    },
    "done": true
  },
  "incendium:technical/inventory/sentrys_wrath": {
    "criteria": {
      "log_spam_fixer": "2024-10-11 22:57:47 +0000"
    },
    "done": false
  },
  "smallships:recipes/spruce_cog": {
    "criteria": {
      "in_water": "2024-10-11 22:14:59 +0000"
    },
    "done": true
  },
  "smallships:recipes/lotr_lairelosse_cog": {
    "criteria": {
      "in_water": "2024-10-11 22:14:59 +0000"
    },
    "done": true
  },
  "smallships:recipes/oak_war_galley": {
    "criteria": {
      "in_water": "2024-10-11 22:14:59 +0000"
    },
    "done": true
  },
  "greekfantasy:recipes/misc/wooden_lyre": {
    "criteria": {
      "has_ingredients": "2024-10-11 22:27:50 +0000"
    },
    "done": true
  },
  "astikorcarts:recipes/plow": {
    "criteria": {
      "has_wheel": "2024-10-11 21:54:05 +0000"
    },
    "done": true
  },
  "minecraft:recipes/combat/wooden_sword": {
    "criteria": {
      "has_stick": "2024-10-11 21:56:20 +0000"
    },
    "done": true
  },
  "smallships:recipes/envi_willow_cog": {
    "criteria": {
      "in_water": "2024-10-11 22:14:59 +0000"
    },
    "done": true
  },
  "minecraft:recipes/building_blocks/oak_planks": {
    "criteria": {
      "has_logs": "2024-10-11 21:55:50 +0000"
    },
    "done": true
  },
  "smallships:recipes/acacia_cog": {
    "criteria": {
      "in_water": "2024-10-11 22:14:59 +0000"
    },
    "done": true
  },
  "minecraft:recipes/building_blocks/gray_concrete_powder": {
    "criteria": {
      "has_gravel": "2024-10-11 22:34:42 +0000"
    },
    "done": true
  },
  "smallships:recipes/jungle_war_galley": {
    "criteria": {
      "in_water": "2024-10-11 22:14:59 +0000"
    },
    "done": true
  },
  "smallships:recipes/bop_magic_dhow": {
    "criteria": {
      "in_water": "2024-10-11 22:14:59 +0000"
    },
    "done": true
  },
  "immersive_armors:recipes/misc/bone": {
    "criteria": {
      "has_item": "2024-10-11 22:11:24 +0000"
    },
    "done": true
  },
  "smallships:recipes/bop_hellbark_cog": {
    "criteria": {
      "in_water": "2024-10-11 22:14:59 +0000"
    },
    "done": true
  },
  "minecraft:recipes/tools/golden_axe": {
    "criteria": {
      "has_gold_ingot": "2024-10-11 22:24:39 +0000"
    },
    "done": true
  },
  "minecraft:recipes/tools/iron_axe": {
    "criteria": {
      "has_iron_ingot": "2024-10-11 22:12:33 +0000"
    },
    "done": true
  },
  "smallships:recipes/lotr_beech_rowboat": {
    "criteria": {
      "in_water": "2024-10-11 22:14:59 +0000"
    },
    "done": true
  },
  "smallships:recipes/lotr_beech_cog": {
    "criteria": {
      "in_water": "2024-10-11 22:14:59 +0000"
    },
    "done": true
  },
  "smallships:recipes/lotr_larch_cog": {
    "criteria": {
      "in_water": "2024-10-11 22:14:59 +0000"
    },
    "done": true
  },
  "minecraft:recipes/redstone/tripwire_hook": {
    "criteria": {
      "has_string": "2024-10-11 22:27:50 +0000"
    },
    "done": true
  },
  "smallships:recipes/bop_hellbark_dhow": {
    "criteria": {
      "in_water": "2024-10-11 22:14:59 +0000"
    },
    "done": true
  },
  "minecraft:recipes/building_blocks/raw_gold_block": {
    "criteria": {
      "has_raw_gold": "2024-10-11 22:20:00 +0000"
    },
    "done": true
  },
  "minecraft:recipes/combat/iron_boots": {
    "criteria": {
      "has_iron_ingot": "2024-10-11 22:12:33 +0000"
    },
    "done": true
  },
  "minecraft:recipes/misc/bone_meal": {
    "criteria": {
      "has_bone": "2024-10-11 22:11:24 +0000"
    },
    "done": true
  },
  "smallships:recipes/spruce_dhow": {
    "criteria": {
      "in_water": "2024-10-11 22:14:59 +0000"
    },
    "done": true
  },
  "diamethysts:items/strung_emerald": {
    "criteria": {
      "has_items": "2024-10-11 22:27:50 +0000"
    },
    "done": true
  },
  "minecraft:recipes/building_blocks/black_concrete_powder": {
    "criteria": {
      "has_gravel": "2024-10-11 22:34:42 +0000"
    },
    "done": true
  },
  "smallships:recipes/bop_willow_brigg": {
    "criteria": {
      "in_water": "2024-10-11 22:14:59 +0000"
    },
    "done": true
  },
  "minecraft:story/iron_tools": {
    "criteria": {
      "iron_pickaxe": "2024-10-11 22:14:04 +0000"
    },
    "done": true
  },
  "diamethysts:items/diamethyst_diamond_bow_upper_section": {
    "criteria": {
      "has_items": "2024-10-11 21:56:20 +0000"
    },
    "done": true
  },
  "smallships:recipes/bop_dead_war_galley": {
    "criteria": {
      "in_water": "2024-10-11 22:14:59 +0000"
    },
    "done": true
  },
  "smallships:recipes/lotr_mallorn_cog": {
    "criteria": {
      "in_water": "2024-10-11 22:14:59 +0000"
    },
    "done": true
  },
  "smallships:recipes/bop_palm_war_galley": {
    "criteria": {
      "in_water": "2024-10-11 22:14:59 +0000"
    },
    "done": true
  },
  "smallships:recipes/envi_wisteria_galley": {
    "criteria": {
      "in_water": "2024-10-11 22:14:59 +0000"
    },
    "done": true
  },
  "smallships:recipes/bop_mahogany_cog": {
    "criteria": {
      "in_water": "2024-10-11 22:14:59 +0000"
    },
    "done": true
  },
  "smallships:recipes/oak_galley": {
    "criteria": {
      "in_water": "2024-10-11 22:14:59 +0000"
    },
    "done": true
  },
  "minecraft:recipes/combat/crossbow": {
    "criteria": {
      "has_stick": "2024-10-11 21:56:20 +0000"
    },
    "done": true
  },
  "minecraft:recipes/combat/iron_chestplate": {
    "criteria": {
      "has_iron_ingot": "2024-10-11 22:12:33 +0000"
    },
    "done": true
  },
  "smallships:recipes/lotr_cypress_brigg": {
    "criteria": {
      "in_water": "2024-10-11 22:14:59 +0000"
    },
    "done": true
  },
  "minecraft:recipes/decorations/cobbled_deepslate_wall": {
    "criteria": {
      "has_cobbled_deepslate": "2024-10-11 22:20:19 +0000"
    },
    "done": true
  },
  "diamethysts:items/diamethyst_bow_lower_section": {
    "criteria": {
      "has_items": "2024-10-11 21:56:20 +0000"
    },
    "done": true
  },
  "minecraft:recipes/decorations/oak_sign": {
    "criteria": {
      "has_planks": "2024-10-11 21:56:16 +0000"
    },
    "done": true
  },
  "smallships:recipes/bop_jacaranda_galley": {
    "criteria": {
      "in_water": "2024-10-11 22:14:59 +0000"
    },
    "done": true
  },
  "minecraft:recipes/redstone/oak_trapdoor": {
    "criteria": {
      "has_planks": "2024-10-11 21:56:16 +0000"
    },
    "done": true
  },
  "smallships:recipes/lotr_cherry_dhow": {
    "criteria": {
      "in_water": "2024-10-11 22:14:59 +0000"
    },
    "done": true
  },
  "smallships:recipes/lotr_green_oak_cog": {
    "criteria": {
      "in_water": "2024-10-11 22:14:59 +0000"
    },
    "done": true
  },
  "minecraft:recipes/building_blocks/polished_diorite_from_diorite_stonecutting": {
    "criteria": {
      "has_diorite": "2024-10-11 22:11:13 +0000"
    },
    "done": true
  },
  "diamethysts:weapons/diamethyst_copper_battle_axe": {
    "criteria": {
      "has_items": "2024-10-11 22:28:27 +0000"
    },
    "done": true
  },
  "smallships:recipes/lotr_charred_rowboat": {
    "criteria": {
      "in_water": "2024-10-11 22:14:59 +0000"
    },
    "done": true
  },
  "smallships:recipes/jungle_dhow": {
    "criteria": {
      "in_water": "2024-10-11 22:14:59 +0000"
    },
    "done": true
  },
  "smallships:recipes/lotr_maple_drakkar": {
    "criteria": {
      "in_water": "2024-10-11 22:14:59 +0000"
    },
    "done": true
  },
  "minecraft:recipes/building_blocks/red_concrete_powder": {
    "criteria": {
      "has_gravel": "2024-10-11 22:34:42 +0000"
    },
    "done": true
  },
  "minecraft:recipes/misc/iron_nugget_from_blasting": {
    "criteria": {
      "has_iron_pickaxe": "2024-10-11 22:14:04 +0000"
    },
    "done": true
  },
  "betterdungeons:root": {
    "criteria": {
      "always": "2024-10-11 21:54:05 +0000"
    },
    "done": true
  },
  "minecraft:recipes/decorations/polished_deepslate_wall_from_cobbled_deepslate_stonecutting": {
    "criteria": {
      "has_cobbled_deepslate": "2024-10-11 22:20:19 +0000"
    },
    "done": true
  },
  "smallships:recipes/bop_cherry_brigg": {
    "criteria": {
      "in_water": "2024-10-11 22:14:59 +0000"
    },
    "done": true
  },
  "smallships:recipes/bop_dead_brigg": {
    "criteria": {
      "in_water": "2024-10-11 22:14:59 +0000"
    },
    "done": true
  },
  "smallships:recipes/envi_wisteria_war_galley": {
    "criteria": {
      "in_water": "2024-10-11 22:14:59 +0000"
    },
    "done": true
  },
  "minecraft:adventure/kill_a_mob": {
    "criteria": {
      "minecraft:zombie": "2024-10-11 22:25:48 +0000"
    },
    "done": true
  },
  "smallships:recipes/bop_cherry_drakkar": {
    "criteria": {
      "in_water": "2024-10-11 22:14:59 +0000"
    },
    "done": true
  },
  "infernalexp:recipes/building_blocks/glass": {
    "criteria": {
      "has_silt": "2024-10-11 21:54:05 +0000"
    },
    "done": true
  },
  "minecraft:recipes/tools/golden_pickaxe": {
    "criteria": {
      "has_gold_ingot": "2024-10-11 22:24:39 +0000"
    },
    "done": true
  },
  "smallships:recipes/bop_jacaranda_rowboat": {
    "criteria": {
      "in_water": "2024-10-11 22:14:59 +0000"
    },
    "done": true
  },
  "incendium:technical/multiplex_crossbow": {
    "criteria": {
      "log_spam_fixer": "2024-10-11 22:57:47 +0000"
    },
    "done": false
  },
  "minecraft:recipes/decorations/diorite_wall": {
    "criteria": {
      "has_diorite": "2024-10-11 22:11:13 +0000"
    },
    "done": true
  },
  "smallships:recipes/lotr_green_oak_galley": {
    "criteria": {
      "in_water": "2024-10-11 22:14:59 +0000"
    },
    "done": true
  },
  "infernalexp:recipes/combat/glowsilk_bow": {
    "criteria": {
      "has_glowsilk": "2024-10-11 21:54:05 +0000"
    },
    "done": true
  },
  "smallships:recipes/acacia_drakkar": {
    "criteria": {
      "in_water": "2024-10-11 22:14:59 +0000",
      "has_the_recipe": "2024-10-11 22:14:59 +0000"
    },
    "done": true
  },
  "minecraft:recipes/building_blocks/stone": {
    "criteria": {
      "has_cobblestone": "2024-10-11 21:56:32 +0000"
    },
    "done": true
  },
  "smallships:recipes/bop_mahogany_rowboat": {
    "criteria": {
      "in_water": "2024-10-11 22:14:59 +0000"
    },
    "done": true
  },
  "smallships:recipes/lotr_lebethron_war_galley": {
    "criteria": {
      "in_water": "2024-10-11 22:14:59 +0000"
    },
    "done": true
  },
  "incendium:technical/firestorm": {
    "criteria": {
      "log_spam_fixer": "2024-10-11 22:57:47 +0000"
    },
    "done": false
  },
  "diamethysts:tools/diamethyst_gold_shovel": {
    "criteria": {
      "has_items": "2024-10-11 22:24:39 +0000"
    },
    "done": true
  },
  "smallships:recipes/bop_palm_cog": {
    "criteria": {
      "in_water": "2024-10-11 22:14:59 +0000"
    },
    "done": true
  },
  "smallships:recipes/envi_willow_drakkar": {
    "criteria": {
      "in_water": "2024-10-11 22:14:59 +0000"
    },
    "done": true
  },
  "smallships:recipes/dark_oak_dhow": {
    "criteria": {
      "in_water": "2024-10-11 22:14:59 +0000"
    },
    "done": true
  },
  "minecraft:recipes/building_blocks/deepslate_bricks_from_cobbled_deepslate_stonecutting": {
    "criteria": {
      "has_cobbled_deepslate": "2024-10-11 22:20:19 +0000"
    },
    "done": true
  },
  "astikorcarts:recipes/animal_cart": {
    "criteria": {
      "has_wheel": "2024-10-11 21:54:05 +0000"
    },
    "done": true
  },
  "minecraft:adventure/adventuring_time": {
    "criteria": {
      "minecraft:beach": "2024-10-11 21:57:35 +0000",
      "minecraft:river": "2024-10-11 22:39:12 +0000",
      "minecraft:forest": "2024-10-11 21:54:06 +0000",
      "minecraft:old_growth_birch_forest": "2024-10-11 22:10:32 +0000"
    },
    "done": false
  },
  "minecraft:recipes/building_blocks/deepslate_brick_stairs_from_cobbled_deepslate_stonecutting": {
    "criteria": {
      "has_cobbled_deepslate": "2024-10-11 22:20:19 +0000"
    },
    "done": true
  },
  "smallships:recipes/lotr_pear_war_galley": {
    "criteria": {
      "in_water": "2024-10-11 22:14:59 +0000"
    },
    "done": true
  },
  "smallships:recipes/bop_jacaranda_brigg": {
    "criteria": {
      "in_water": "2024-10-11 22:14:59 +0000"
    },
    "done": true
  },
  "incendium:technical/using/ragnarok": {
    "criteria": {
      "log_spam_fixer": "2024-10-11 21:54:06 +0000"
    },
    "done": false
  },
  "diamethysts:weapons/diamethyst_gold_battle_axe": {
    "criteria": {
      "has_items": "2024-10-11 22:24:39 +0000"
    },
    "done": true
  },
  "smallships:recipes/envi_willow_war_galley": {
    "criteria": {
      "in_water": "2024-10-11 22:14:59 +0000"
    },
    "done": true
  },
  "diamethysts:weapons/diamethyst_lapis_battle_axe": {
    "criteria": {
      "has_items": "2024-10-11 22:21:39 +0000"
    },
    "done": true
  },
  "minecraft:recipes/combat/stone_sword": {
    "criteria": {
      "has_cobblestone": "2024-10-11 21:56:32 +0000"
    },
    "done": true
  },
  "minecraft:recipes/decorations/barrel": {
    "criteria": {
      "has_planks": "2024-10-11 21:56:16 +0000"
    },
    "done": true
  },
  "minecraft:recipes/decorations/cobblestone_wall": {
    "criteria": {
      "has_cobblestone": "2024-10-11 21:56:32 +0000"
    },
    "done": true
  },
  "smallships:recipes/lotr_aspen_dhow": {
    "criteria": {
      "in_water": "2024-10-11 22:14:59 +0000"
    },
    "done": true
  },
  "smallships:recipes/envi_cherry_war_galley": {
    "criteria": {
      "in_water": "2024-10-11 22:14:59 +0000"
    },
    "done": true
  },
  "minecraft:recipes/misc/iron_ingot_from_smelting_raw_iron": {
    "criteria": {
      "has_raw_iron": "2024-10-11 22:11:05 +0000"
    },
    "done": true
  },
  "minecraft:recipes/tools/stone_pickaxe": {
    "criteria": {
      "has_cobblestone": "2024-10-11 21:56:32 +0000"
    },
    "done": true
  },
  "minecraft:recipes/decorations/smithing_table": {
    "criteria": {
      "has_iron_ingot": "2024-10-11 22:12:33 +0000"
    },
    "done": true
  },
  "incendium:technical/holy_wrath": {
    "criteria": {
      "log_spam_fixer": "2024-10-11 22:57:47 +0000"
    },
    "done": false
  },
  "minecraft:recipes/building_blocks/deepslate_brick_slab_from_cobbled_deepslate_stonecutting": {
    "criteria": {
      "has_cobbled_deepslate": "2024-10-11 22:20:19 +0000"
    },
    "done": true
  },
  "diamethysts:items/diamethyst_copper_hilt": {
    "criteria": {
      "has_items": "2024-10-11 22:28:27 +0000"
    },
    "done": true
  },
  "smallships:recipes/bop_palm_dhow": {
    "criteria": {
      "in_water": "2024-10-11 22:14:59 +0000"
    },
    "done": true
  },
  "minecraft:recipes/decorations/cobblestone_wall_from_cobblestone_stonecutting": {
    "criteria": {
      "has_cobblestone": "2024-10-11 21:56:32 +0000"
    },
    "done": true
  },
  "infernalexp:recipes/redstone/smooth_dimstone_button": {
    "criteria": {
      "has_smooth_dimstone": "2024-10-11 21:54:05 +0000"
    },
    "done": true
  },
  "smallships:recipes/lotr_apple_drakkar": {
    "criteria": {
      "in_water": "2024-10-11 22:14:59 +0000"
    },
    "done": true
  },
  "diamethysts:tools/diamethyst_lapis_pickaxe": {
    "criteria": {
      "has_items": "2024-10-11 22:21:39 +0000"
    },
    "done": true
  },
  "diamethysts:tools/diamethyst_copper_pickaxe": {
    "criteria": {
      "has_items": "2024-10-11 22:28:27 +0000"
    },
    "done": true
  },
  "minecraft:recipes/building_blocks/diamond_block": {
    "criteria": {
      "has_diamond": "2024-10-11 22:38:34 +0000"
    },
    "done": true
  },
  "smallships:recipes/envi_wisteria_brigg": {
    "criteria": {
      "in_water": "2024-10-11 22:14:59 +0000"
    },
    "done": true
  },
  "smallships:recipes/lotr_pine_dhow": {
    "criteria": {
      "in_water": "2024-10-11 22:14:59 +0000"
    },
    "done": true
  },
  "smallships:recipes/lotr_mallorn_war_galley": {
    "criteria": {
      "in_water": "2024-10-11 22:14:59 +0000"
    },
    "done": true
  },
  "diamethysts:items/diamethyst_diamond_bow_lower_section": {
    "criteria": {
      "has_items": "2024-10-11 21:56:20 +0000"
    },
    "done": true
  },
  "smallships:recipes/lotr_rotten_cog": {
    "criteria": {
      "in_water": "2024-10-11 22:14:59 +0000"
    },
    "done": true
  },
  "minecraft:recipes/building_blocks/lapis_block": {
    "criteria": {
      "has_lapis_lazuli": "2024-10-11 22:21:39 +0000"
    },
    "done": true
  },
  "diamethysts:weapons/diamethyst_diamond_bow": {
    "criteria": {
      "has_items": "2024-10-11 22:27:50 +0000"
    },
    "done": true
  },
  "smallships:recipes/lotr_mallorn_drakkar": {
    "criteria": {
      "in_water": "2024-10-11 22:14:59 +0000"
    },
    "done": true
  },
  "dungeons_arise:wda_root": {
    "criteria": {
      "WDA": "2024-10-11 21:54:05 +0000"
    },
    "done": true
  },
  "astikorcarts:recipes/wheel": {
    "criteria": {
      "has_planks": "2024-10-11 21:56:16 +0000"
    },
    "done": true
  },
  "minecraft:recipes/decorations/lantern": {
    "criteria": {
      "has_iron_ingot": "2024-10-11 22:12:33 +0000"
    },
    "done": true
  },
  "infernalexp:recipes/redstone/polished_basalt_pressure_plate": {
    "criteria": {
      "has_polished_basalt": "2024-10-11 21:54:05 +0000"
    },
    "done": true
  },
  "decorative_blocks:recipes/decorative_blocks.general/bar_panel": {
    "criteria": {
      "has_ingot": "2024-10-11 22:12:33 +0000"
    },
    "done": true
  },
  "smallships:recipes/lotr_aspen_rowboat": {
    "criteria": {
      "in_water": "2024-10-11 22:14:59 +0000"
    },
    "done": true
  },
  "minecraft:recipes/building_blocks/polished_diorite": {
    "criteria": {
      "has_diorite": "2024-10-11 22:11:13 +0000"
    },
    "done": true
  },
  "minecraft:recipes/building_blocks/cobbled_deepslate_slab_from_cobbled_deepslate_stonecutting": {
    "criteria": {
      "has_cobbled_deepslate": "2024-10-11 22:20:19 +0000"
    },
    "done": true
  },
  "shieldexp:recipes/golden_shield": {
    "criteria": {
      "has_gold_ingot": "2024-10-11 22:24:39 +0000"
    },
    "done": true
  },
  "minecraft:recipes/tools/stone_axe": {
    "criteria": {
      "has_cobblestone": "2024-10-11 21:56:32 +0000"
    },
    "done": true
  },
  "minecraft:recipes/building_blocks/raw_iron_block": {
    "criteria": {
      "has_raw_iron": "2024-10-11 22:11:05 +0000"
    },
    "done": true
  },
  "smallships:recipes/lotr_apple_galley": {
    "criteria": {
      "in_water": "2024-10-11 22:14:59 +0000"
    },
    "done": true
  },
  "diamethysts:tools/diamethyst_diamond_shovel": {
    "criteria": {
      "has_items": "2024-10-11 22:38:34 +0000"
    },
    "done": true
  },
  "smallships:recipes/lotr_larch_dhow": {
    "criteria": {
      "in_water": "2024-10-11 22:14:59 +0000"
    },
    "done": true
  },
  "greekfantasy:recipes/combat/iron_spear": {
    "criteria": {
      "has_ingredients": "2024-10-11 22:12:33 +0000"
    },
    "done": true
  },
  "incendium:technical/on_block": {
    "criteria": {
      "log_spam_fixer": "2024-10-11 22:57:47 +0000"
    },
    "done": false
  },
  "smallships:recipes/lotr_lairelosse_drakkar": {
    "criteria": {
      "in_water": "2024-10-11 22:14:59 +0000"
    },
    "done": true
  },
  "diamethysts:items/diamethyst_copper_arrow": {
    "criteria": {
      "has_items": "2024-10-11 22:28:27 +0000"
    },
    "done": true
  },
  "infernalexp:recipes/redstone/smooth_glowstone_button": {
    "criteria": {
      "has_smooth_glowstone": "2024-10-11 21:54:05 +0000"
    },
    "done": true
  },
  "minecraft:recipes/building_blocks/cobblestone_stairs_from_cobblestone_stonecutting": {
    "criteria": {
      "has_cobblestone": "2024-10-11 21:56:32 +0000"
    },
    "done": true
  },
  "minecraft:recipes/building_blocks/magenta_concrete_powder": {
    "criteria": {
      "has_gravel": "2024-10-11 22:34:42 +0000"
    },
    "done": true
  },
  "infernalexp:recipes/food/cooked_hogchop_campfire": {
    "criteria": {
      "has_hogchop": "2024-10-11 21:54:05 +0000"
    },
    "done": true
  },
  "smallships:recipes/bop_cherry_cog": {
    "criteria": {
      "in_water": "2024-10-11 22:14:59 +0000"
    },
    "done": true
  },
  "smallships:recipes/lotr_holly_galley": {
    "criteria": {
      "in_water": "2024-10-11 22:14:59 +0000"
    },
    "done": true
  },
  "smallships:recipes/lotr_fir_cog": {
    "criteria": {
      "in_water": "2024-10-11 22:14:59 +0000"
    },
    "done": true
  },
  "smallships:recipes/lotr_fir_rowboat": {
    "criteria": {
      "in_water": "2024-10-11 22:14:59 +0000"
    },
    "done": true
  },
  "diamethysts:items/diamethyst_gold_hilt": {
    "criteria": {
      "has_items": "2024-10-11 22:24:39 +0000"
    },
    "done": true
  },
  "smallships:recipes/envi_cherry_brigg": {
    "criteria": {
      "in_water": "2024-10-11 22:14:59 +0000"
    },
    "done": true
  },
  "smallships:recipes/envi_wisteria_drakkar": {
    "criteria": {
      "in_water": "2024-10-11 22:14:59 +0000"
    },
    "done": true
  },
  "minecraft:recipes/decorations/campfire": {
    "criteria": {
      "has_stick": "2024-10-11 21:56:20 +0000"
    },
    "done": true
  },
  "minecraft:recipes/decorations/candle": {
    "criteria": {
      "has_string": "2024-10-11 22:27:50 +0000"
    },
    "done": true
  },
  "smallships:recipes/lotr_cedar_cog": {
    "criteria": {
      "in_water": "2024-10-11 22:14:59 +0000"
    },
    "done": true
  },
  "minecraft:recipes/tools/golden_hoe": {
    "criteria": {
      "has_gold_ingot": "2024-10-11 22:24:39 +0000"
    },
    "done": true
  },
  "diamethysts:weapons/diamethyst_diamond_battle_axe": {
    "criteria": {
      "has_items": "2024-10-11 22:38:34 +0000"
    },
    "done": true
  },
  "minecraft:recipes/building_blocks/diorite_slab_from_diorite_stonecutting": {
    "criteria": {
      "has_diorite": "2024-10-11 22:11:13 +0000"
    },
    "done": true
  },
  "greekfantasy:recipes/combat/golden_spear": {
    "criteria": {
      "has_ingredients": "2024-10-11 22:24:39 +0000"
    },
    "done": true
  },
  "smallships:recipes/lotr_maple_brigg": {
    "criteria": {
      "in_water": "2024-10-11 22:14:59 +0000"
    },
    "done": true
  },
  "infernalexp:recipes/food/blindsight_tounge_stew": {
    "criteria": {
      "has_tongue": "2024-10-11 21:54:05 +0000",
      "has_crimson_fungus": "2024-10-11 21:54:05 +0000",
      "has_warped_fungus": "2024-10-11 21:54:05 +0000",
      "has_bowl": "2024-10-11 21:54:05 +0000",
      "has_luminous_fungus": "2024-10-11 21:54:05 +0000"
    },
    "done": true
  },
  "minecraft:recipes/misc/iron_nugget": {
    "criteria": {
      "has_iron_ingot": "2024-10-11 22:12:33 +0000"
    },
    "done": true
  },
  "minecraft:recipes/building_blocks/brown_concrete_powder": {
    "criteria": {
      "has_gravel": "2024-10-11 22:34:42 +0000"
    },
    "done": true
  },
  "minecraft:recipes/building_blocks/deepslate_tile_slab_from_cobbled_deepslate_stonecutting": {
    "criteria": {
      "has_cobbled_deepslate": "2024-10-11 22:20:19 +0000"
    },
    "done": true
  },
  "diamethysts:items/diamethyst_iron_plate": {
    "criteria": {
      "has_items": "2024-10-11 22:12:33 +0000"
    },
    "done": true
  },
  "minecraft:recipes/combat/diamond_sword": {
    "criteria": {
      "has_diamond": "2024-10-11 22:38:34 +0000"
    },
    "done": true
  },
  "smallships:recipes/lotr_aspen_war_galley": {
    "criteria": {
      "in_water": "2024-10-11 22:14:59 +0000"
    },
    "done": true
  },
  "smallships:recipes/lotr_holly_war_galley": {
    "criteria": {
      "in_water": "2024-10-11 22:14:59 +0000"
    },
    "done": true
  },
  "smallships:recipes/bop_fir_galley": {
    "criteria": {
      "in_water": "2024-10-11 22:14:59 +0000"
    },
    "done": true
  },
  "infernalexp:recipes/combat/blindsight_tongue_whip": {
    "criteria": {
      "has_molten_gold_cluster": "2024-10-11 21:54:05 +0000"
    },
    "done": true
  },
  "smallships:recipes/bop_magic_war_galley": {
    "criteria": {
      "in_water": "2024-10-11 22:14:59 +0000"
    },
    "done": true
  },
  "smallships:recipes/lotr_beech_galley": {
    "criteria": {
      "in_water": "2024-10-11 22:14:59 +0000"
    },
    "done": true
  },
  "minecraft:recipes/decorations/jukebox": {
    "criteria": {
      "has_diamond": "2024-10-11 22:38:34 +0000"
    },
    "done": true
  },
  "minecraft:recipes/transportation/spruce_boat": {
    "criteria": {
      "in_water": "2024-10-11 22:14:59 +0000"
    },
    "done": true
  },
  "diamethysts:items/diamethyst_emerald_bow_upper_section": {
    "criteria": {
      "has_items": "2024-10-11 21:56:20 +0000"
    },
    "done": true
  },
  "infernalexp:recipes/food/cooked_hogchop_smelting": {
    "criteria": {
      "has_hogchop": "2024-10-11 21:54:05 +0000"
    },
    "done": true
  },
  "smallships:recipes/bop_jacaranda_drakkar": {
    "criteria": {
      "in_water": "2024-10-11 22:14:59 +0000"
    },
    "done": true
  },
  "smallships:recipes/lotr_larch_galley": {
    "criteria": {
      "in_water": "2024-10-11 22:14:59 +0000"
    },
    "done": true
  },
  "smallships:recipes/envi_cherry_drakkar": {
    "criteria": {
      "in_water": "2024-10-11 22:14:59 +0000"
    },
    "done": true
  },
  "smallships:recipes/birch_dhow": {
    "criteria": {
      "in_water": "2024-10-11 22:14:59 +0000"
    },
    "done": true
  },
  "smallships:recipes/bop_umbran_brigg": {
    "criteria": {
      "in_water": "2024-10-11 22:14:59 +0000"
    },
    "done": true
  },
  "smallships:recipes/lotr_rotten_galley": {
    "criteria": {
      "in_water": "2024-10-11 22:14:59 +0000"
    },
    "done": true
  },
  "minecraft:recipes/misc/gold_nugget": {
    "criteria": {
      "has_gold_ingot": "2024-10-11 22:24:39 +0000"
    },
    "done": true
  },
  "smallships:recipes/lotr_pine_war_galley": {
    "criteria": {
      "in_water": "2024-10-11 22:14:59 +0000"
    },
    "done": true
  },
  "smallships:recipes/bop_jacaranda_cog": {
    "criteria": {
      "in_water": "2024-10-11 22:14:59 +0000"
    },
    "done": true
  },
  "minecraft:recipes/tools/wooden_hoe": {
    "criteria": {
      "has_stick": "2024-10-11 21:56:20 +0000"
    },
    "done": true
  },
  "smallships:recipes/lotr_apple_war_galley": {
    "criteria": {
      "in_water": "2024-10-11 22:14:59 +0000"
    },
    "done": true
  },
  "gnumus:fatty_demon": {
    "criteria": {
      "fatty_demon": "2024-10-11 22:36:41 +0000"
    },
    "done": true
  },
  "smallships:recipes/lotr_cedar_brigg": {
    "criteria": {
      "in_water": "2024-10-11 22:14:59 +0000"
    },
    "done": true
  },
  "minecraft:recipes/misc/bucket": {
    "criteria": {
      "has_iron_ingot": "2024-10-11 22:12:33 +0000"
    },
    "done": true
  },
  "smallships:recipes/lotr_rotten_brigg": {
    "criteria": {
      "in_water": "2024-10-11 22:14:59 +0000"
    },
    "done": true
  },
  "minecraft:recipes/building_blocks/cobblestone_stairs": {
    "criteria": {
      "has_cobblestone": "2024-10-11 21:56:32 +0000"
    },
    "done": true
  },
  "minecraft:recipes/building_blocks/diorite_slab": {
    "criteria": {
      "has_diorite": "2024-10-11 22:11:13 +0000"
    },
    "done": true
  },
  "smallships:recipes/lotr_holly_dhow": {
    "criteria": {
      "in_water": "2024-10-11 22:14:59 +0000"
    },
    "done": true
  },
  "decorative_blocks:recipes/decorative_blocks.general/oak_palisade": {
    "criteria": {
      "has_log": "2024-10-11 21:55:50 +0000"
    },
    "done": true
  },
  "diamethysts:items/diamethyst_lapis_arrow": {
    "criteria": {
      "has_items": "2024-10-11 22:21:39 +0000"
    },
    "done": true
  },
  "diamethysts:items/diamethyst_prismarine_bow_upper_section": {
    "criteria": {
      "has_items": "2024-10-11 21:56:20 +0000"
    },
    "done": true
  },
  "diamethysts:items/diamethyst_emerald_bow_lower_section": {
    "criteria": {
      "has_items": "2024-10-11 21:56:20 +0000"
    },
    "done": true
  },
  "smallships:recipes/jungle_drakkar": {
    "criteria": {
      "in_water": "2024-10-11 22:14:59 +0000"
    },
    "done": true
  },
  "smallships:recipes/bop_willow_galley": {
    "criteria": {
      "in_water": "2024-10-11 22:14:59 +0000"
    },
    "done": true
  },
  "smallships:recipes/lotr_green_oak_dhow": {
    "criteria": {
      "in_water": "2024-10-11 22:14:59 +0000"
    },
    "done": true
  },
  "smallships:recipes/dark_oak_drakkar": {
    "criteria": {
      "in_water": "2024-10-11 22:14:59 +0000"
    },
    "done": true
  },
  "smallships:recipes/lotr_pear_drakkar": {
    "criteria": {
      "in_water": "2024-10-11 22:14:59 +0000"
    },
    "done": true
  },
  "diamethysts:tools/diamethyst_copper_shovel": {
    "criteria": {
      "has_items": "2024-10-11 22:28:27 +0000"
    },
    "done": true
  },
  "minecraft:recipes/building_blocks/light_blue_concrete_powder": {
    "criteria": {
      "has_gravel": "2024-10-11 22:34:42 +0000"
    },
    "done": true
  },
  "minecraft:recipes/building_blocks/deepslate_tiles_from_cobbled_deepslate_stonecutting": {
    "criteria": {
      "has_cobbled_deepslate": "2024-10-11 22:20:19 +0000"
    },
    "done": true
  },
  "minecraft:recipes/building_blocks/polished_diorite_slab_from_diorite_stonecutting": {
    "criteria": {
      "has_diorite": "2024-10-11 22:11:13 +0000"
    },
    "done": true
  },
  "incendium:technical/using/shield": {
    "criteria": {
      "log_spam_fixer": "2024-10-11 21:54:06 +0000"
    },
    "done": false
  },
  "smallships:recipes/bop_fir_brigg": {
    "criteria": {
      "in_water": "2024-10-11 22:14:59 +0000"
    },
    "done": true
  },
  "smallships:recipes/bop_cherry_dhow": {
    "criteria": {
      "in_water": "2024-10-11 22:14:59 +0000"
    },
    "done": true
  },
  "smallships:recipes/bop_hellbark_rowboat": {
    "criteria": {
      "in_water": "2024-10-11 22:14:59 +0000"
    },
    "done": true
  },
  "minecraft:recipes/combat/iron_helmet": {
    "criteria": {
      "has_iron_ingot": "2024-10-11 22:12:33 +0000"
    },
    "done": true
  },
  "minecraft:recipes/tools/golden_shovel": {
    "criteria": {
      "has_gold_ingot": "2024-10-11 22:24:39 +0000"
    },
    "done": true
  },
  "minecraft:recipes/combat/bow": {
    "criteria": {
      "has_string": "2024-10-11 22:27:50 +0000"
    },
    "done": true
  },
  "diamethysts:weapons/diamethyst_copper_bow": {
    "criteria": {
      "has_items": "2024-10-11 22:27:50 +0000"
    },
    "done": true
  },
  "minecraft:recipes/redstone/oak_fence_gate": {
    "criteria": {
      "has_planks": "2024-10-11 21:56:16 +0000"
    },
    "done": true
  },
  "smallships:recipes/bop_redwood_war_galley": {
    "criteria": {
      "in_water": "2024-10-11 22:14:59 +0000"
    },
    "done": true
  },
  "minecraft:recipes/building_blocks/purple_concrete_powder": {
    "criteria": {
      "has_gravel": "2024-10-11 22:34:42 +0000"
    },
    "done": true
  },
  "smallships:recipes/lotr_beech_war_galley": {
    "criteria": {
      "in_water": "2024-10-11 22:14:59 +0000"
    },
    "done": true
  },
  "smallships:recipes/bop_cherry_galley": {
    "criteria": {
      "in_water": "2024-10-11 22:14:59 +0000"
    },
    "done": true
  },
  "minecraft:recipes/decorations/diorite_wall_from_diorite_stonecutting": {
    "criteria": {
      "has_diorite": "2024-10-11 22:11:13 +0000"
    },
    "done": true
  },
  "smallships:recipes/bop_willow_cog": {
    "criteria": {
      "in_water": "2024-10-11 22:14:59 +0000"
    },
    "done": true
  },
  "smallships:recipes/lotr_pear_cog": {
    "criteria": {
      "in_water": "2024-10-11 22:14:59 +0000"
    },
    "done": true
  },
  "smallships:recipes/envi_cherry_rowboat": {
    "criteria": {
      "in_water": "2024-10-11 22:14:59 +0000"
    },
    "done": true
  },
  "minecraft:recipes/combat/diamond_chestplate": {
    "criteria": {
      "has_diamond": "2024-10-11 22:38:34 +0000"
    },
    "done": true
  },
  "smallships:recipes/envi_cherry_dhow": {
    "criteria": {
      "in_water": "2024-10-11 22:14:59 +0000"
    },
    "done": true
  },
  "smallships:recipes/lotr_apple_rowboat": {
    "criteria": {
      "in_water": "2024-10-11 22:14:59 +0000"
    },
    "done": true
  },
  "smallships:recipes/lotr_lebethron_cog": {
    "criteria": {
      "in_water": "2024-10-11 22:14:59 +0000"
    },
    "done": true
  },
  "minecraft:story/mine_stone": {
    "criteria": {
      "get_stone": "2024-10-11 21:56:32 +0000"
    },
    "done": true
  },
  "minecraft:recipes/decorations/furnace": {
    "criteria": {
      "has_cobblestone": "2024-10-11 21:56:32 +0000"
    },
    "done": true
  },
  "minecraft:recipes/transportation/minecart": {
    "criteria": {
      "has_iron_ingot": "2024-10-11 22:12:33 +0000"
    },
    "done": true
  },
  "smallships:recipes/bop_hellbark_drakkar": {
    "criteria": {
      "in_water": "2024-10-11 22:14:59 +0000"
    },
    "done": true
  },
  "diamethysts:items/diamethyst_gold_plate": {
    "criteria": {
      "has_items": "2024-10-11 22:24:39 +0000"
    },
    "done": true
  },
  "minecraft:recipes/misc/charcoal": {
    "criteria": {
      "has_log": "2024-10-11 21:55:50 +0000"
    },
    "done": true
  },
  "diamethysts:items/diamethyst_iron_hilt": {
    "criteria": {
      "has_items": "2024-10-11 22:12:33 +0000"
    },
    "done": true
  },
  "minecraft:recipes/tools/wooden_pickaxe": {
    "criteria": {
      "has_stick": "2024-10-11 21:56:20 +0000"
    },
    "done": true
  },
  "minecraft:recipes/tools/iron_hoe": {
    "criteria": {
      "has_iron_ingot": "2024-10-11 22:12:33 +0000"
    },
    "done": true
  },
  "minecraft:recipes/building_blocks/cobbled_deepslate_stairs": {
    "criteria": {
      "has_cobbled_deepslate": "2024-10-11 22:20:19 +0000"
    },
    "done": true
  },
  "minecraft:husbandry/root": {
    "criteria": {
      "consumed_item": "2024-10-11 22:24:34 +0000"
    },
    "done": true
  },
  "smallships:recipes/lotr_mallorn_brigg": {
    "criteria": {
      "in_water": "2024-10-11 22:14:59 +0000"
    },
    "done": true
  },
  "infernalexp:recipes/redstone/basalt_button": {
    "criteria": {
      "has_basalt": "2024-10-11 21:54:05 +0000"
    },
    "done": true
  },
  "minecraft:recipes/transportation/birch_boat": {
    "criteria": {
      "in_water": "2024-10-11 22:14:59 +0000"
    },
    "done": true
  },
  "minecraft:recipes/food/golden_apple": {
    "criteria": {
      "has_gold_ingot": "2024-10-11 22:24:39 +0000"
    },
    "done": true
  },
  "minecraft:recipes/misc/gold_ingot_from_blasting_raw_gold": {
    "criteria": {
      "has_raw_gold": "2024-10-11 22:20:00 +0000"
    },
    "done": true
  },
  "smallships:recipes/acacia_war_galley": {
    "criteria": {
      "in_water": "2024-10-11 22:14:59 +0000"
    },
    "done": true
  },
  "smallships:recipes/acacia_rowboat": {
    "criteria": {
      "in_water": "2024-10-11 22:14:59 +0000"
    },
    "done": true
  },
  "smallships:recipes/jungle_cog": {
    "criteria": {
      "in_water": "2024-10-11 22:14:59 +0000"
    },
    "done": true
  },
  "minecraft:recipes/building_blocks/green_concrete_powder": {
    "criteria": {
      "has_gravel": "2024-10-11 22:34:42 +0000"
    },
    "done": true
  },
  "minecraft:recipes/building_blocks/cobbled_deepslate_stairs_from_cobbled_deepslate_stonecutting": {
    "criteria": {
      "has_cobbled_deepslate": "2024-10-11 22:20:19 +0000"
    },
    "done": true
  },
  "smallships:recipes/lotr_pear_rowboat": {
    "criteria": {
      "in_water": "2024-10-11 22:14:59 +0000"
    },
    "done": true
  },
  "minecraft:recipes/tools/iron_shovel": {
    "criteria": {
      "has_iron_ingot": "2024-10-11 22:12:33 +0000"
    },
    "done": true
  },
  "smallships:recipes/bop_jacaranda_dhow": {
    "criteria": {
      "in_water": "2024-10-11 22:14:59 +0000"
    },
    "done": true
  },
  "smallships:recipes/jungle_rowboat": {
    "criteria": {
      "in_water": "2024-10-11 22:14:59 +0000"
    },
    "done": true
  },
  "smallships:recipes/lotr_fir_galley": {
    "criteria": {
      "in_water": "2024-10-11 22:14:59 +0000"
    },
    "done": true
  },
  "smallships:recipes/birch_cog": {
    "criteria": {
      "in_water": "2024-10-11 22:14:59 +0000"
    },
    "done": true
  },
  "smallships:recipes/birch_drakkar": {
    "criteria": {
      "in_water": "2024-10-11 22:14:59 +0000",
      "has_the_recipe": "2024-10-11 22:14:59 +0000"
    },
    "done": true
  },
  "smallships:recipes/lotr_fir_brigg": {
    "criteria": {
      "in_water": "2024-10-11 22:14:59 +0000"
    },
    "done": true
  },
  "smallships:recipes/lotr_pear_galley": {
    "criteria": {
      "in_water": "2024-10-11 22:14:59 +0000"
    },
    "done": true
  },
  "smallships:recipes/acacia_brigg": {
    "criteria": {
      "in_water": "2024-10-11 22:14:59 +0000"
    },
    "done": true
  },
  "smallships:recipes/bop_redwood_galley": {
    "criteria": {
      "in_water": "2024-10-11 22:14:59 +0000"
    },
    "done": true
  },
  "incendium:technical/inventory/firestorm": {
    "criteria": {
      "log_spam_fixer": "2024-10-11 22:57:47 +0000"
    },
    "done": false
  },
  "smallships:recipes/lotr_charred_dhow": {
    "criteria": {
      "in_water": "2024-10-11 22:14:59 +0000"
    },
    "done": true
  },
  "smallships:recipes/bop_magic_brigg": {
    "criteria": {
      "in_water": "2024-10-11 22:14:59 +0000"
    },
    "done": true
  },
  "smallships:recipes/bop_fir_war_galley": {
    "criteria": {
      "in_water": "2024-10-11 22:14:59 +0000"
    },
    "done": true
  },
  "smallships:recipes/dark_oak_galley": {
    "criteria": {
      "in_water": "2024-10-11 22:14:59 +0000"
    },
    "done": true
  },
  "greekfantasy:recipes/combat/stone_spear": {
    "criteria": {
      "has_ingredients": "2024-10-11 21:56:32 +0000"
    },
    "done": true
  },
  "smallships:recipes/lotr_aspen_drakkar": {
    "criteria": {
      "in_water": "2024-10-11 22:14:59 +0000"
    },
    "done": true
  },
  "diamethysts:tools/diamethyst_iron_hoe": {
    "criteria": {
      "has_items": "2024-10-11 22:12:33 +0000"
    },
    "done": true
  },
  "smallships:recipes/lotr_mirk_oak_dhow": {
    "criteria": {
      "in_water": "2024-10-11 22:14:59 +0000"
    },
    "done": true
  },
  "smallships:recipes/envi_willow_rowboat": {
    "criteria": {
      "in_water": "2024-10-11 22:14:59 +0000"
    },
    "done": true
  },
  "smallships:recipes/lotr_lebethron_dhow": {
    "criteria": {
      "in_water": "2024-10-11 22:14:59 +0000"
    },
    "done": true
  },
  "minecraft:recipes/tools/stone_hoe": {
    "criteria": {
      "has_cobblestone": "2024-10-11 21:56:32 +0000"
    },
    "done": true
  },
  "smallships:recipes/lotr_lebethron_drakkar": {
    "criteria": {
      "in_water": "2024-10-11 22:14:59 +0000"
    },
    "done": true
  },
  "minecraft:recipes/tools/diamond_hoe": {
    "criteria": {
      "has_diamond": "2024-10-11 22:38:34 +0000"
    },
    "done": true
  },
  "minecraft:recipes/transportation/activator_rail": {
    "criteria": {
      "has_rail": "2024-10-11 22:25:30 +0000"
    },
    "done": true
  },
  "smallships:recipes/bop_redwood_dhow": {
    "criteria": {
      "in_water": "2024-10-11 22:14:59 +0000"
    },
    "done": true
  },
  "minecraft:recipes/tools/diamond_shovel": {
    "criteria": {
      "has_diamond": "2024-10-11 22:38:34 +0000"
    },
    "done": true
  },
  "smallships:recipes/bop_cherry_rowboat": {
    "criteria": {
      "in_water": "2024-10-11 22:14:59 +0000"
    },
    "done": true
  },
  "smallships:recipes/lotr_fir_dhow": {
    "criteria": {
      "in_water": "2024-10-11 22:14:59 +0000"
    },
    "done": true
  },
  "smallships:recipes/oak_rowboat": {
    "criteria": {
      "in_water": "2024-10-11 22:14:59 +0000"
    },
    "done": true
  },
  "smallships:recipes/bop_redwood_cog": {
    "criteria": {
      "in_water": "2024-10-11 22:14:59 +0000"
    },
    "done": true
  },
  "smallships:recipes/lotr_lairelosse_rowboat": {
    "criteria": {
      "in_water": "2024-10-11 22:14:59 +0000"
    },
    "done": true
  },
  "minecraft:recipes/building_blocks/deepslate": {
    "criteria": {
      "has_cobbled_deepslate": "2024-10-11 22:20:19 +0000"
    },
    "done": true
  },
  "smallships:recipes/bop_fir_rowboat": {
    "criteria": {
      "in_water": "2024-10-11 22:14:59 +0000"
    },
    "done": true
  },
  "smallships:recipes/lotr_rotten_war_galley": {
    "criteria": {
      "in_water": "2024-10-11 22:14:59 +0000"
    },
    "done": true
  },
  "smallships:recipes/lotr_mirk_oak_brigg": {
    "criteria": {
      "in_water": "2024-10-11 22:14:59 +0000"
    },
    "done": true
  },
  "smallships:recipes/oak_cog": {
    "criteria": {
      "in_water": "2024-10-11 22:14:59 +0000"
    },
    "done": true
  },
  "incendium:technical/feed_ghastling": {
    "criteria": {
      "log_spam_fixer": "2024-10-11 22:57:47 +0000"
    },
    "done": false
  },
  "minecraft:story/mine_diamond": {
    "criteria": {
      "diamond": "2024-10-11 22:38:34 +0000"
    },
    "done": true
  },
  "minecraft:story/upgrade_tools": {
    "criteria": {
      "stone_pickaxe": "2024-10-11 21:57:26 +0000"
    },
    "done": true
  },
  "smallships:recipes/envi_wisteria_cog": {
    "criteria": {
      "in_water": "2024-10-11 22:14:59 +0000"
    },
    "done": true
  },
  "smallships:recipes/bop_dead_rowboat": {
    "criteria": {
      "in_water": "2024-10-11 22:14:59 +0000"
    },
    "done": true
  },
  "diamethysts:items/diamethyst_diamond_hilt": {
    "criteria": {
      "has_items": "2024-10-11 22:38:34 +0000"
    },
    "done": true
  },
  "greekfantasy:recipes/building_blocks/ichor_infused_gearbox": {
    "criteria": {
      "has_ingredients": "2024-10-11 21:54:05 +0000"
    },
    "done": true
  },
  "minecraft:recipes/combat/diamond_helmet": {
    "criteria": {
      "has_diamond": "2024-10-11 22:38:34 +0000"
    },
    "done": true
  },
  "minecraft:recipes/transportation/oak_boat": {
    "criteria": {
      "in_water": "2024-10-11 22:14:59 +0000"
    },
    "done": true
  },
  "infernalexp:recipes/redstone/soul_slate_pressure_plate": {
    "criteria": {
      "has_soul_slate": "2024-10-11 21:54:05 +0000"
    },
    "done": true
  },
  "smallships:recipes/lotr_fir_drakkar": {
    "criteria": {
      "in_water": "2024-10-11 22:14:59 +0000"
    },
    "done": true
  },
  "smallships:recipes/dark_oak_war_galley": {
    "criteria": {
      "in_water": "2024-10-11 22:14:59 +0000"
    },
    "done": true
  },
  "immersive_armors:recipes/misc/wooden": {
    "criteria": {
      "has_item": "2024-10-11 21:55:50 +0000"
    },
    "done": true
  },
  "minecraft:recipes/building_blocks/cyan_concrete_powder": {
    "criteria": {
      "has_gravel": "2024-10-11 22:34:42 +0000"
    },
    "done": true
  },
  "incendium:technical/on_inventory_change": {
    "criteria": {
      "log_spam_fixer": "2024-10-11 22:57:47 +0000"
    },
    "done": false
  },
  "smallships:recipes/envi_wisteria_rowboat": {
    "criteria": {
      "in_water": "2024-10-11 22:14:59 +0000"
    },
    "done": true
  },
  "minecraft:recipes/combat/golden_boots": {
    "criteria": {
      "has_gold_ingot": "2024-10-11 22:24:39 +0000"
    },
    "done": true
  },
  "smallships:recipes/bop_magic_cog": {
    "criteria": {
      "in_water": "2024-10-11 22:14:59 +0000"
    },
    "done": true
  },
  "minecraft:recipes/tools/wooden_axe": {
    "criteria": {
      "has_stick": "2024-10-11 21:56:20 +0000"
    },
    "done": true
  },
  "smallships:recipes/bop_hellbark_brigg": {
    "criteria": {
      "in_water": "2024-10-11 22:14:59 +0000"
    },
    "done": true
  },
  "smallships:recipes/lotr_pine_cog": {
    "criteria": {
      "in_water": "2024-10-11 22:14:59 +0000"
    },
    "done": true
  },
  "minecraft:recipes/building_blocks/polished_diorite_stairs_from_diorite_stonecutting": {
    "criteria": {
      "has_diorite": "2024-10-11 22:11:13 +0000"
    },
    "done": true
  },
  "smallships:recipes/bop_umbran_war_galley": {
    "criteria": {
      "in_water": "2024-10-11 22:14:59 +0000"
    },
    "done": true
  },
  "shieldexp:recipes/diamond_shield": {
    "criteria": {
      "has_diamond": "2024-10-11 22:38:34 +0000"
    },
    "done": true
  },
  "smallships:recipes/bop_willow_rowboat": {
    "criteria": {
      "in_water": "2024-10-11 22:14:59 +0000"
    },
    "done": true
  },
  "minecraft:recipes/decorations/loom": {
    "criteria": {
      "has_string": "2024-10-11 22:27:50 +0000"
    },
    "done": true
  },
  "minecraft:recipes/tools/diamond_axe": {
    "criteria": {
      "has_diamond": "2024-10-11 22:38:34 +0000"
    },
    "done": true
  },
  "smallships:recipes/lotr_cherry_galley": {
    "criteria": {
      "in_water": "2024-10-11 22:14:59 +0000"
    },
    "done": true
  },
  "smallships:recipes/envi_wisteria_dhow": {
    "criteria": {
      "in_water": "2024-10-11 22:14:59 +0000"
    },
    "done": true
  },
  "smallships:recipes/spruce_galley": {
    "criteria": {
      "in_water": "2024-10-11 22:14:59 +0000"
    },
    "done": true
  },
  "smallships:recipes/lotr_cedar_rowboat": {
    "criteria": {
      "in_water": "2024-10-11 22:14:59 +0000"
    },
    "done": true
  },
  "greekfantasy:recipes/building_blocks/limestone": {
    "criteria": {
      "has_ingredients": "2024-10-11 21:54:05 +0000"
    },
    "done": true
  },
  "diamethysts:weapons/diamethyst_prismarine_bow": {
    "criteria": {
      "has_items": "2024-10-11 22:27:50 +0000"
    },
    "done": true
  },
  "smallships:recipes/lotr_aspen_galley": {
    "criteria": {
      "in_water": "2024-10-11 22:14:59 +0000"
    },
    "done": true
  },
  "diamethysts:weapons/diamethyst_lapis_bow": {
    "criteria": {
      "has_items": "2024-10-11 22:27:50 +0000"
    },
    "done": true
  },
  "smallships:recipes/lotr_lairelosse_dhow": {
    "criteria": {
      "in_water": "2024-10-11 22:14:59 +0000"
    },
    "done": true
  },
  "smallships:recipes/bop_fir_cog": {
    "criteria": {
      "in_water": "2024-10-11 22:14:59 +0000"
    },
    "done": true
  },
  "minecraft:recipes/building_blocks/coal_block": {
    "criteria": {
      "has_coal": "2024-10-11 22:10:27 +0000"
    },
    "done": true
  },
  "smallships:recipes/bop_willow_drakkar": {
    "criteria": {
      "in_water": "2024-10-11 22:14:59 +0000"
    },
    "done": true
  },
  "minecraft:recipes/redstone/light_weighted_pressure_plate": {
    "criteria": {
      "has_gold_ingot": "2024-10-11 22:24:39 +0000"
    },
    "done": true
  },
  "minecraft:recipes/tools/stone_shovel": {
    "criteria": {
      "has_cobblestone": "2024-10-11 21:56:32 +0000"
    },
    "done": true
  },
  "smallships:recipes/acacia_galley": {
    "criteria": {
      "in_water": "2024-10-11 22:14:59 +0000"
    },
    "done": true
  },
  "diamethysts:tools/diamethyst_iron_pickaxe": {
    "criteria": {
      "has_items": "2024-10-11 22:12:33 +0000"
    },
    "done": true
  },
  "minecraft:recipes/building_blocks/blue_concrete_powder": {
    "criteria": {
      "has_gravel": "2024-10-11 22:34:42 +0000"
    },
    "done": true
  },
  "smallships:recipes/spruce_rowboat": {
    "criteria": {
      "in_water": "2024-10-11 22:14:59 +0000"
    },
    "done": true
  },
  "smallships:recipes/bop_mahogany_drakkar": {
    "criteria": {
      "in_water": "2024-10-11 22:14:59 +0000"
    },
    "done": true
  },
  "smallships:recipes/lotr_maple_cog": {
    "criteria": {
      "in_water": "2024-10-11 22:14:59 +0000"
    },
    "done": true
  },
  "minecraft:recipes/building_blocks/diorite_stairs": {
    "criteria": {
      "has_diorite": "2024-10-11 22:11:13 +0000"
    },
    "done": true
  },
  "smallships:recipes/bop_palm_galley": {
    "criteria": {
      "in_water": "2024-10-11 22:14:59 +0000"
    },
    "done": true
  },
  "smallships:recipes/birch_galley": {
    "criteria": {
      "in_water": "2024-10-11 22:14:59 +0000"
    },
    "done": true
  },
  "smallships:recipes/envi_willow_galley": {
    "criteria": {
      "in_water": "2024-10-11 22:14:59 +0000"
    },
    "done": true
  },
  "smallships:recipes/bop_palm_brigg": {
    "criteria": {
      "in_water": "2024-10-11 22:14:59 +0000"
    },
    "done": true
  },
  "minecraft:recipes/building_blocks/andesite": {
    "criteria": {
      "has_stone": "2024-10-11 22:11:13 +0000"
    },
    "done": true
  },
  "smallships:recipes/lotr_apple_cog": {
    "criteria": {
      "in_water": "2024-10-11 22:14:59 +0000"
    },
    "done": true
  },
  "minecraft:recipes/combat/golden_helmet": {
    "criteria": {
      "has_gold_ingot": "2024-10-11 22:24:39 +0000"
    },
    "done": true
  },
  "minecraft:recipes/redstone/oak_pressure_plate": {
    "criteria": {
      "has_planks": "2024-10-11 21:56:16 +0000"
    },
    "done": true
  },
  "smallships:recipes/lotr_charred_brigg": {
    "criteria": {
      "in_water": "2024-10-11 22:14:59 +0000"
    },
    "done": true
  },
  "smallships:recipes/lotr_cypress_dhow": {
    "criteria": {
      "in_water": "2024-10-11 22:14:59 +0000"
    },
    "done": true
  },
  "minecraft:recipes/building_blocks/polished_deepslate_stairs_from_cobbled_deepslate_stonecutting": {
    "criteria": {
      "has_cobbled_deepslate": "2024-10-11 22:20:19 +0000"
    },
    "done": true
  },
  "decorative_blocks:recipes/decorative_blocks.general/chandelier": {
    "criteria": {
      "has_torch": "2024-10-11 22:25:30 +0000"
    },
    "done": true
  },
  "smallships:recipes/bop_redwood_brigg": {
    "criteria": {
      "in_water": "2024-10-11 22:14:59 +0000"
    },
    "done": true
  },
  "infernalexp:recipes/redstone/smooth_glowstone_pressure_plate": {
    "criteria": {
      "has_smooth_glowstone": "2024-10-11 21:54:05 +0000"
    },
    "done": true
  },
  "smallships:recipes/lotr_green_oak_brigg": {
    "criteria": {
      "in_water": "2024-10-11 22:14:59 +0000"
    },
    "done": true
  },
  "smallships:recipes/lotr_pear_dhow": {
    "criteria": {
      "in_water": "2024-10-11 22:14:59 +0000"
    },
    "done": true
  },
  "smallships:recipes/lotr_cedar_drakkar": {
    "criteria": {
      "in_water": "2024-10-11 22:14:59 +0000"
    },
    "done": true
  },
  "smallships:recipes/bop_dead_cog": {
    "criteria": {
      "in_water": "2024-10-11 22:14:59 +0000"
    },
    "done": true
  },
  "minecraft:recipes/building_blocks/oak_wood": {
    "criteria": {
      "has_log": "2024-10-11 21:55:50 +0000"
    },
    "done": true
  },
  "minecraft:story/root": {
    "criteria": {
      "crafting_table": "2024-10-11 22:11:50 +0000"
    },
    "done": true
  },
  "smallships:recipes/bop_cherry_war_galley": {
    "criteria": {
      "in_water": "2024-10-11 22:14:59 +0000"
    },
    "done": true
  },
  "smallships:recipes/bop_dead_galley": {
    "criteria": {
      "in_water": "2024-10-11 22:14:59 +0000"
    },
    "done": true
  },
  "decorative_blocks:recipes/decorative_blocks.general/oak_seat": {
    "criteria": {
      "has_plank": "2024-10-11 21:56:16 +0000"
    },
    "done": true
  },
  "diamethysts:tools/diamethyst_diamond_axe": {
    "criteria": {
      "has_items": "2024-10-11 22:38:34 +0000"
    },
    "done": true
  },
  "smallships:recipes/lotr_beech_drakkar": {
    "criteria": {
      "in_water": "2024-10-11 22:14:59 +0000"
    },
    "done": true
  },
  "infernalexp:recipes/food/cooked_hogchop_smoking": {
    "criteria": {
      "has_hogchop": "2024-10-11 21:54:05 +0000"
    },
    "done": true
  },
  "minecraft:recipes/redstone/oak_button": {
    "criteria": {
      "has_planks": "2024-10-11 21:56:16 +0000"
    },
    "done": true
  },
  "smallships:recipes/lotr_holly_cog": {
    "criteria": {
      "in_water": "2024-10-11 22:14:59 +0000"
    },
    "done": true
  },
  "smallships:recipes/lotr_lairelosse_war_galley": {
    "criteria": {
      "in_water": "2024-10-11 22:14:59 +0000"
    },
    "done": true
  },
  "smallships:recipes/oak_drakkar": {
    "criteria": {
      "in_water": "2024-10-11 22:14:59 +0000",
      "has_the_recipe": "2024-10-11 22:14:59 +0000"
    },
    "done": true
  },
  "smallships:recipes/bop_umbran_rowboat": {
    "criteria": {
      "in_water": "2024-10-11 22:14:59 +0000"
    },
    "done": true
  },
  "diamethysts:items/diamethyst_lapis_hilt": {
    "criteria": {
      "has_items": "2024-10-11 22:21:39 +0000"
    },
    "done": true
  },
  "smallships:recipes/bop_willow_dhow": {
    "criteria": {
      "in_water": "2024-10-11 22:14:59 +0000"
    },
    "done": true
  },
  "diamethysts:items/diamethyst_iron_bow_lower_section": {
    "criteria": {
      "has_items": "2024-10-11 21:56:20 +0000"
    },
    "done": true
  },
  "smallships:recipes/lotr_lebethron_rowboat": {
    "criteria": {
      "in_water": "2024-10-11 22:14:59 +0000"
    },
    "done": true
  },
  "diamethysts:items/diamethyst_gold_bow_lower_section": {
    "criteria": {
      "has_items": "2024-10-11 21:56:20 +0000"
    },
    "done": true
  },
  "smallships:recipes/dark_oak_rowboat": {
    "criteria": {
      "in_water": "2024-10-11 22:14:59 +0000"
    },
    "done": true
  },
  "smallships:recipes/lotr_charred_drakkar": {
    "criteria": {
      "in_water": "2024-10-11 22:14:59 +0000"
    },
    "done": true
  },
  "decorative_blocks:recipes/decorations/torch_from_chandelier": {
    "criteria": {
      "has_torch": "2024-10-11 22:25:30 +0000"
    },
    "done": true
  },
  "infernalexp:recipes/redstone/smooth_dullstone_button": {
    "criteria": {
      "has_smooth_dullstone": "2024-10-11 21:54:05 +0000"
    },
    "done": true
  },
  "minecraft:recipes/redstone/iron_door": {
    "criteria": {
      "has_iron_ingot": "2024-10-11 22:12:33 +0000"
    },
    "done": true
  },
  "minecraft:recipes/misc/copper_ingot_from_smelting_raw_copper": {
    "criteria": {
      "has_raw_copper": "2024-10-11 22:28:04 +0000"
    },
    "done": true
  },
  "minecraft:recipes/transportation/powered_rail": {
    "criteria": {
      "has_rail": "2024-10-11 22:25:30 +0000"
    },
    "done": true
  },
  "smallships:recipes/lotr_maple_dhow": {
    "criteria": {
      "in_water": "2024-10-11 22:14:59 +0000"
    },
    "done": true
  },
  "incendium:technical/new_player": {
    "criteria": {
      "requirement": "2024-10-11 21:54:05 +0000"
    },
    "done": true
  },
  "smallships:recipes/jungle_brigg": {
    "criteria": {
      "in_water": "2024-10-11 22:14:59 +0000"
    },
    "done": true
  },
  "smallships:recipes/lotr_green_oak_rowboat": {
    "criteria": {
      "in_water": "2024-10-11 22:14:59 +0000"
    },
    "done": true
  },
  "minecraft:recipes/redstone/oak_door": {
    "criteria": {
      "has_planks": "2024-10-11 21:56:16 +0000"
    },
    "done": true
  },
  "smallships:recipes/spruce_war_galley": {
    "criteria": {
      "in_water": "2024-10-11 22:14:59 +0000"
    },
    "done": true
  },
  "minecraft:recipes/transportation/jungle_boat": {
    "criteria": {
      "in_water": "2024-10-11 22:14:59 +0000"
    },
    "done": true
  },
  "smallships:recipes/bop_redwood_rowboat": {
    "criteria": {
      "in_water": "2024-10-11 22:14:59 +0000"
    },
    "done": true
  },
  "incendium:technical/give_ghastling": {
    "criteria": {
      "log_spam_fixer": "2024-10-11 22:57:47 +0000"
    },
    "done": false
  },
  "smallships:recipes/envi_willow_brigg": {
    "criteria": {
      "in_water": "2024-10-11 22:14:59 +0000"
    },
    "done": true
  },
  "smallships:recipes/bop_fir_dhow": {
    "criteria": {
      "in_water": "2024-10-11 22:14:59 +0000"
    },
    "done": true
  },
  "incendium:technical/on_kill": {
    "criteria": {
      "log_spam_fixer": "2024-10-11 22:57:47 +0000"
    },
    "done": false
  },
  "minecraft:recipes/redstone/heavy_weighted_pressure_plate": {
    "criteria": {
      "has_iron_ingot": "2024-10-11 22:12:33 +0000"
    },
    "done": true
  },
  "minecraft:recipes/transportation/dark_oak_boat": {
    "criteria": {
      "in_water": "2024-10-11 22:14:59 +0000"
    },
    "done": true
  },
  "diamethysts:tools/diamethyst_copper_axe": {
    "criteria": {
      "has_items": "2024-10-11 22:28:27 +0000"
    },
    "done": true
  },
  "diamethysts:tools/diamethyst_gold_hoe": {
    "criteria": {
      "has_items": "2024-10-11 22:24:39 +0000"
    },
    "done": true
  },
  "incendium:technical/on_player_hurt": {
    "criteria": {
      "log_spam_fixer": "2024-10-11 22:57:47 +0000"
    },
    "done": false
  },
  "diamethysts:tools/diamethyst_lapis_axe": {
    "criteria": {
      "has_items": "2024-10-11 22:21:39 +0000"
    },
    "done": true
  },
  "smallships:recipes/lotr_pine_drakkar": {
    "criteria": {
      "in_water": "2024-10-11 22:14:59 +0000"
    },
    "done": true
  },
  "smallships:recipes/birch_rowboat": {
    "criteria": {
      "in_water": "2024-10-11 22:14:59 +0000"
    },
    "done": true
  },
  "diamethysts:items/diamethyst_prismarine_bow_lower_section": {
    "criteria": {
      "has_items": "2024-10-11 21:56:20 +0000"
    },
    "done": true
  },
  "smallships:recipes/bop_mahogany_war_galley": {
    "criteria": {
      "in_water": "2024-10-11 22:14:59 +0000"
    },
    "done": true
  },
  "smallships:recipes/bop_magic_drakkar": {
    "criteria": {
      "in_water": "2024-10-11 22:14:59 +0000"
    },
    "done": true
  },
  "smallships:recipes/bop_dead_drakkar": {
    "criteria": {
      "in_water": "2024-10-11 22:14:59 +0000"
    },
    "done": true
  },
  "smallships:recipes/lotr_cherry_cog": {
    "criteria": {
      "in_water": "2024-10-11 22:14:59 +0000"
    },
    "done": true
  },
  "diamethysts:tools/diamethyst_diamond_pickaxe": {
    "criteria": {
      "has_items": "2024-10-11 22:38:34 +0000"
    },
    "done": true
  },
  "minecraft:recipes/combat/golden_leggings": {
    "criteria": {
      "has_gold_ingot": "2024-10-11 22:24:39 +0000"
    },
    "done": true
  },
  "smallships:recipes/lotr_cedar_war_galley": {
    "criteria": {
      "in_water": "2024-10-11 22:14:59 +0000"
    },
    "done": true
  },
  "smallships:recipes/bop_hellbark_galley": {
    "criteria": {
      "in_water": "2024-10-11 22:14:59 +0000"
    },
    "done": true
  },
  "smallships:recipes/acacia_dhow": {
    "criteria": {
      "in_water": "2024-10-11 22:14:59 +0000"
    },
    "done": true
  },
  "smallships:recipes/lotr_holly_rowboat": {
    "criteria": {
      "in_water": "2024-10-11 22:14:59 +0000"
    },
    "done": true
  },
  "smallships:recipes/lotr_pear_brigg": {
    "criteria": {
      "in_water": "2024-10-11 22:14:59 +0000"
    },
    "done": true
  },
  "minecraft:recipes/combat/diamond_boots": {
    "criteria": {
      "has_diamond": "2024-10-11 22:38:34 +0000"
    },
    "done": true
  },
  "smallships:recipes/envi_cherry_cog": {
    "criteria": {
      "in_water": "2024-10-11 22:14:59 +0000"
    },
    "done": true
  },
  "smallships:recipes/lotr_lairelosse_brigg": {
    "criteria": {
      "in_water": "2024-10-11 22:14:59 +0000"
    },
    "done": true
  },
  "smallships:recipes/lotr_lebethron_brigg": {
    "criteria": {
      "in_water": "2024-10-11 22:14:59 +0000"
    },
    "done": true
  },
  "diamethysts:weapons/diamethyst_bow": {
    "criteria": {
      "has_items": "2024-10-11 22:27:50 +0000"
    },
    "done": true
  },
  "minecraft:recipes/decorations/soul_campfire": {
    "criteria": {
      "has_stick": "2024-10-11 21:56:20 +0000"
    },
    "done": true
  },
  "smallships:recipes/lotr_maple_galley": {
    "criteria": {
      "in_water": "2024-10-11 22:14:59 +0000"
    },
    "done": true
  },
  "minecraft:story/smelt_iron": {
    "criteria": {
      "iron": "2024-10-11 22:12:33 +0000"
    },
    "done": true
  },
  "smallships:recipes/lotr_cypress_cog": {
    "criteria": {
      "in_water": "2024-10-11 22:14:59 +0000"
    },
    "done": true
  },
  "diamethysts:items/strung_lapis": {
    "criteria": {
      "has_items": "2024-10-11 22:21:39 +0000"
    },
    "done": true
  },
  "DataVersion": 3120
}